t_min,freq_hz,whp_bar,intake_p_bar,current_a,load_pct,q_liq_m3d,motor_t_c,casing_p_bar,operating_mode,quality_ok
0.0,50.00628651105467,22.11752917726952,85.51124291697343,47.51231097867238,72.22310886421916,120.52884809371628,93.9110869337606,13.585122567843536,production,1.0
1.0,49.993394756835436,21.811187166370882,85.0995734778556,48.36520040553574,73.01009784275675,120.4249809259415,95.22618540733647,13.990789286962269,production,1.0
2.0,50.03202113252216,21.605794461373826,84.45671535373849,47.59964983688014,71.6363195389452,120.59666033068527,95.11108426117876,14.14726340608074,production,1.0
3.0,50.00524500585765,22.704759007650104,84.34655305370678,47.329547391416156,71.25089764226215,119.72111299894867,94.92550008110356,14.131903462051465,production,1.0
4.0,49.97321653134195,21.942936723836105,84.98950873109361,48.04978919534247,71.39536110288803,121.48183262983969,95.14020276211988,14.053988750687383,production,1.0
5.0,50.01807975274547,22.767920418751046,85.2290635063724,48.62832380509454,71.6796736994734,119.65150454176754,95.38361562430707,14.33755428028,production,1.0
6.0,50.0652000022565,21.73690929144696,85.34377190034981,46.84038067059184,72.13310865144085,118.32891521980248,94.64059008560584,13.685278719182627,production,1.0
7.0,50.047354048156464,22.514190821410406,85.51802044365328,47.64695105598857,72.01783986807366,121.1174179995979,95.21589689597407,13.611007038346264,production,1.0
8.0,49.96481323820965,21.93182458748478,85.64355625627415,47.504094775481974,71.81967644917158,122.33245369393238,95.76992754435305,13.424815810129338,production,1.0
9.0,49.9367289264477,22.182404526272606,83.62092125852953,47.24363790818416,71.23225841390098,118.9733532100158,95.24494360526812,14.076019819046259,production,1.0
10.0,49.968836276873134,22.5041146052738,85.6117887940159,47.9283433199173,71.86059256919096,120.01749183288483,95.16763898681157,14.158985839614422,production,1.0
11.0,50.002066298967364,22.19578299485587,84.44820793606786,47.239729003913254,72.30508942188756,119.33082279117072,95.05025219919872,14.059489519689494,production,1.0
12.0,49.883748461268056,22.34193650004675,85.75206391546831,48.11177060619312,72.64024520252534,119.71054564107521,94.41380148834824,14.042449014590954,production,1.0
13.0,49.989060416803376,21.39746878907506,85.29254916777971,48.08837538033324,72.77276514100714,120.23643670816423,95.78218396224811,13.387475622268095,production,1.0
14.0,49.93770445263735,21.840093257561755,85.47583136539633,48.166825526778176,72.29666428172891,118.70482080611083,94.86693062773395,14.143114655319641,production,1.0
15.0,49.96338663226483,22.843980804376933,84.7798655048536,48.941366342660864,72.16998654713969,119.87565750203134,95.09843676817097,13.906631546933344,production,1.0
16.0,49.972787050857136,21.936180054789116,85.28092927358767,47.27529059514514,71.47212734242721,118.46351609787725,94.93435802559662,14.522024397785154,production,1.0
17.0,49.98418499218154,22.157013734363723,83.99791998126952,47.692724930982244,72.14214694132168,119.5546218922776,94.9108874354156,13.626687984150053,production,1.0
18.0,50.02058152681871,21.966050986517352,85.78229554205494,47.52189942825167,72.77296345220172,118.82701155928058,94.79895541499914,13.66941080671641,production,1.0
19.0,50.05212566847214,21.78437831205488,84.93353484150406,47.62289743637496,71.96413292562279,118.99320333002491,94.74689442929352,14.105523067521133,production,1.0
20.0,49.9935732668528,21.437106089736133,83.58547036523537,47.933772831695705,72.26860010313146,118.21394426747725,95.57035068448116,13.442924174694262,production,1.0
21.0,50.06832317352748,21.57975040394257,85.78267855258925,48.56313919707856,72.17694956791,121.7548023472666,95.79223650043474,13.762563319655992,production,1.0
22.0,49.96674026632567,22.711189909785183,86.15871143229266,47.88444453941339,72.37579050988782,120.91616529428994,95.2355450288588,14.421341486447973,production,1.0
23.0,50.01757550350465,22.008249332132113,84.63381663769134,48.36855664772516,71.24621284020522,118.01803184291973,94.54202684133737,14.132112502464896,production,1.0
24.0,50.04517350908259,21.566058883962953,85.89395528412985,47.8066511706323,71.19317969626718,119.61646559245096,95.09165663127017,13.878819547991798,production,1.0
25.0,50.004700614888044,21.681661761120285,84.72329842048305,47.873322669898066,71.3641396304113,119.54177706241727,96.24014096393948,14.535517530192756,production,1.0
26.0,49.96282503753231,22.394361658726545,83.82004846551546,47.484662156275604,70.784440042876,119.53078873314787,95.29114985295864,14.123563385871925,production,1.0
27.0,49.95391373118708,21.66782909875624,84.97202080651712,48.12957552283649,72.3796220711971,118.63725236710167,95.04212662204985,14.08154465278469,production,1.0
28.0,49.97711370871663,21.798243646820126,85.3892193876755,48.56670649602788,73.55941274728474,121.29233789860162,94.73558557491177,13.8385139562345,production,1.0
29.0,50.0110097561735,21.603422560736163,85.28043468087024,47.99023740428534,71.8673371714523,119.9255714638775,95.41532113074463,14.39044685807542,production,1.0
30.0,49.94951909082306,21.54811172063039,85.26921400577879,47.06987847316327,71.62122276147228,120.97588916355144,95.03565510105182,13.498968936995718,production,1.0
31.0,49.98954122125642,22.713072171078863,85.39164441551999,48.037027567926316,72.31940796076329,121.05968831992492,95.80238058033994,14.377293648575773,production,1.0
32.0,49.992038749504275,21.99877164762469,85.35044328282733,48.61037015142236,73.1658976234729,122.09155414331227,95.7087418900696,14.287546918308255,production,1.0
33.0,50.02704227923429,21.928200301667623,85.09758929368842,47.53284399474942,71.8819492179697,118.2765778182345,95.42747942011691,14.012662548401446,production,1.0
34.0,50.01073295612532,21.817894490184823,84.8730685398862,48.33475356376008,73.02592257095738,122.55411726126633,95.21305952835182,14.607688059720745,production,1.0
35.0,50.01776863545199,22.345122313952754,85.08108413107539,48.556834237760356,72.19465541491432,122.00370760787632,95.44979497707175,14.083139114347379,production,1.0
36.0,49.96730856952908,22.08639192954276,85.03621005580514,47.26761992412963,72.2578659951207,121.18210638180253,95.34323400396856,14.104919807050617,production,1.0
37.0,49.993519318315364,22.180397554300047,85.07209015106312,48.90255280401063,71.4269865226381,123.36799812532908,95.07350105758277,13.74477559887017,production,1.0
38.0,50.03919877350307,22.119859971178425,84.59868246479445,47.168183267455,72.28649500369016,120.76688336464413,95.86026889175768,13.860033795672676,production,1.0
39.0,50.07467155726104,21.923832700308072,84.94148885667671,48.27574973132088,71.59376110707103,121.5198656740583,95.1539323829807,14.18491049959535,production,1.0
40.0,49.93704672339479,21.87604864016963,85.3229518279316,48.23665017635309,71.33766032589915,119.66113545179951,94.93783265985627,14.181928999592381,production,1.0
41.0,50.075696188736956,21.376080627522445,85.46581725126941,48.03726005249325,71.25216848746416,121.92156069955733,94.37129306823485,14.098009673297858,production,1.0
42.0,50.067293771189114,21.87496229913716,85.24827699112504,48.349791632987774,72.43791753044106,120.77477988293938,95.10758865455209,14.089577177428634,production,1.0
43.0,50.03906557003502,22.93872341016273,85.18300503283824,48.253674247785426,73.37569693255016,120.04496178893162,94.45305048543108,14.384933608404998,production,1.0
44.0,50.01322278151647,21.579146670739743,85.62035519887603,48.205088595026766,71.88147341224479,123.13969758744452,95.60612436479066,13.93080837789916,production,1.0
45.0,49.984303859273176,22.07828542521102,85.79482794226111,47.824790789920904,71.86289075307579,120.24653389433514,94.82657008499692,14.113778087204999,production,1.0
46.0,50.07290103417685,22.212436395733743,85.72063283001171,48.49731678864285,71.84721876577329,120.63580339871307,94.77681974726049,13.539800963385098,production,1.0
47.0,50.0980129158225,22.557359859961654,84.26905380388285,48.2134260502828,72.30480213276326,120.40126256148905,94.10705480522057,14.255569464969785,production,1.0
48.0,50.09008174349331,23.144657968261047,85.05214625970801,48.261840583839,72.5644780682086,119.74397353303749,95.38210975359485,13.919086457096554,production,1.0
49.0,50.06575518823672,21.924220275676753,85.75514734634618,48.40057348882386,72.10807897184712,121.3010360688865,95.09735751095984,14.484641055935551,production,1.0
50.0,50.01786902053295,21.73368233726981,85.6473330035988,47.94967768213408,71.91612168472258,121.56228074326441,95.60354973078763,14.184708173531897,production,1.0
51.0,49.93958406838589,22.510171099605262,85.75229523822948,47.63862498596082,71.03298748147743,121.11406478817975,94.79430380939242,14.14000527653678,production,1.0
52.0,49.999777293343996,22.172877789375416,85.53930782224292,47.16961322890395,72.16650906519702,117.86869992112861,95.77446343007429,13.460282355130538,production,1.0
53.0,50.03282374675382,22.8917907599723,84.844836169101,47.62055184772741,72.23990224909464,121.9235129050834,95.63700921165389,13.550697339238237,production,1.0
54.0,49.935581926812525,22.380932925103224,86.09673111919612,47.04150794889824,70.94595882200016,120.30609877979556,96.09218538895162,13.967165920088604,production,1.0
55.0,50.0197561030091,21.824830872395612,84.55364556606007,47.59686918159037,71.2234875786724,119.2792096869089,95.04960659637744,13.803616308918084,production,1.0
56.0,50.02149318474111,22.01524026600945,85.96703192568296,47.770856706501164,71.5558005207969,121.4750916513186,95.84628704979801,13.840533571596543,production,1.0
57.0,50.034802136198145,22.264647294448736,85.37190192946333,48.24799757385801,71.87631876789878,121.43887332086402,94.87830925081005,13.889519360105785,production,1.0
58.0,49.94079410166214,22.297237467751554,84.50425516162507,47.814459264023455,71.41385863940413,119.52400694965654,95.34363323456142,13.743791603403986,production,1.0
59.0,49.966914871398046,21.64483858608494,85.1562435677506,48.74979461747115,72.84206305939917,123.75480051076462,95.17752206698042,14.261035994222441,production,1.0
60.0,49.97817823764284,21.330317369282977,86.12225104791024,48.46518235601861,71.364088539098,119.34844814074921,95.99484246352468,14.124883401705722,production,1.0
61.0,49.94150990461136,21.459996961759114,85.05298968847026,47.31940327476945,71.57016063563283,118.73245813547577,95.52291186430573,14.474019487793612,production,1.0
62.0,50.08696839385651,22.349871659389954,84.68566902183944,47.790736701753815,71.31598086238468,119.4390552082981,96.28923559252792,13.697228396239108,production,1.0
63.0,49.975204463577896,22.04320440871406,85.24472468151748,48.19077561060698,72.66860458835554,122.54095751501359,95.51356795477255,14.635454212031224,production,1.0
64.0,50.01644848147301,21.372047257520887,84.93309043626164,47.658742062494085,71.8050527299194,120.63684275192891,95.4077627476836,13.834284059178572,production,1.0
65.0,49.987071372726305,21.887123822403947,84.6794796991403,47.46547734772198,72.04451232466843,120.4132113479371,95.28982963099244,14.058305552615405,production,1.0
66.0,50.07917364394011,21.334121699644527,85.69823387934821,48.1493493283095,72.41127515989874,120.79683319066406,95.4642854963567,14.585472184400162,production,1.0
67.0,50.06601804935409,22.00511598069358,85.92045297280832,48.15685429219377,72.01055363203923,120.16716248699971,94.9732252903682,14.326611566240752,production,1.0
68.0,50.03166763114125,21.765694737488896,85.11631547246193,47.87131970716191,71.92151751318352,120.0663925495607,94.80298413865567,13.537202894962,production,1.0
69.0,49.88982450596767,21.890094927460563,85.7672987437268,48.30169697140667,72.46492826412302,120.13679138651321,95.07473210780476,14.257583780697384,production,1.0
70.0,50.002601448712994,22.080973336326448,85.22664494012912,48.42099505742369,72.40151946929811,121.76726892632259,95.16514497009938,14.460885915765003,production,1.0
71.0,50.03418430953883,22.18919257797978,85.40473388707466,48.82888236642799,72.2848888102192,122.15367179194348,95.09379194762876,14.132767641936727,production,1.0
72.0,50.05019807879211,22.1413791983817,85.54426964842952,47.97278309898412,71.73654273912035,119.67434532928861,96.44669294253642,14.199095181538093,production,1.0
73.0,49.96910464776462,22.635635624593927,86.37182835423629,48.26241443331602,72.22173247822496,121.23879002488822,95.26961382720923,13.711404252156324,production,1.0
74.0,50.09110056816642,23.08077435311607,85.78598733762486,48.84671072837545,71.75938190297252,121.90875272654218,95.21608410893815,13.990271340681515,production,1.0
75.0,49.933978451499335,22.462538038097136,84.88754127808305,47.73557952661624,72.86497360621522,119.67591594700662,95.99724569920193,13.852425776306179,production,1.0
76.0,49.96692359890924,22.047279342111864,85.80202672171053,48.288320585121355,72.208457051324,120.38197845010042,95.82306681666518,13.598821902479962,production,1.0
77.0,50.0467524994057,22.425290042575412,85.36529874716805,48.46022442958974,72.24522860006995,119.75034642384725,95.01232526675027,13.758390493393648,production,1.0
78.0,50.00245273069127,21.83495748073818,85.22364006749531,48.369982449807495,71.56097679670616,119.45767837405906,95.80810754965572,13.866676771507192,production,1.0
79.0,50.10011962918226,21.796880768503343,85.00500576171022,48.58691588134227,71.98008705610958,121.13996059499243,95.89185478478166,13.747987796832957,production,1.0
80.0,50.009425959625624,21.78005968346365,85.49847393021537,48.3343041445252,72.42866863153314,120.14510132990232,94.97324258825032,13.769763184099563,production,1.0
81.0,49.968340295490385,22.246833391645904,85.48347897749214,48.12841613267797,71.01014033602007,121.79647178430176,95.32419215580249,13.791129027507617,production,1.0
82.0,49.98112182473836,22.626614118294572,85.28353780446572,48.64437813234826,71.93910245623677,121.01438813924644,95.75368697772197,14.415760828914692,production,1.0
83.0,49.94544269411904,23.022178312795944,84.69540763211364,47.98186683911916,71.77046245840914,121.55534490339117,95.85383009462547,14.436492616103646,production,1.0
84.0,49.93611599168067,22.663534734831988,84.51100110924537,47.89790100287544,71.39159412589065,120.71986947503034,95.03346204876682,14.724594995539508,production,1.0
85.0,50.03152057453841,22.414192988170125,85.61726286130131,47.94167661078913,72.44013998977145,120.31894747307823,96.00796541823281,13.77010612571159,production,1.0
86.0,50.02905829062064,21.861068993641698,85.65252154012374,48.41838771584417,71.63747565213308,120.98238961397186,95.68632926616358,14.106702821383475,production,1.0
87.0,50.064727940972055,22.16833019886022,86.86056087296623,48.96905922974338,71.48588941062623,121.0953719647781,94.95944697756724,14.036185968806711,production,1.0
88.0,49.962269710437006,22.3563153882214,85.44852889074934,48.700307582376425,72.62712823927774,120.26442679931445,95.29959661491178,13.83221263629888,production,1.0
89.0,50.08445537262218,22.091280620076503,86.17358185894285,48.88220076355255,71.03599281703669,121.63336936901196,96.34151870676791,13.761969931985622,production,1.0
90.0,49.98563061460957,22.886566027067875,86.28280765834077,48.650006614058604,72.82285410803894,122.02728467707024,95.62373297161595,14.274371895263702,production,1.0
91.0,50.07872041394223,21.814669792405986,85.5339603060886,48.277434342545114,72.77277476575404,121.3308999650438,94.4852450127845,14.289906379673324,production,1.0
92.0,49.97836070764087,21.858212836405208,85.62155244233347,48.04732185401254,71.09403255277,123.20713274674371,94.81334019738352,14.614861167996198,production,1.0
93.0,49.963225835382886,22.29709287020678,85.32239325444317,47.76868892324114,71.903395142222,120.4017921820388,96.19345805402962,13.663312619323014,production,1.0
94.0,50.01248926857793,22.948990918779625,86.65017848776593,48.339162890576524,72.35158085141008,121.794881624432,95.41428385529346,14.426726562861123,production,1.0
95.0,50.05157265424347,21.422358509065152,84.68476256669474,48.956964375511305,72.6795948010895,120.68916197826132,95.52920371888125,13.844413509447097,production,1.0
96.0,50.00805047883577,21.81021288103188,85.57072817119929,48.5098952001828,71.82872422831187,121.47058712517415,94.8645372267481,13.688269471684453,production,1.0
97.0,49.970723558793836,22.664952348968093,86.42963837309338,48.216806151469044,71.92075473337482,120.20238994576391,96.2213038230305,14.26786627696983,production,1.0
98.0,49.93293901429617,21.879361513361197,85.53915962617808,48.672651195674945,72.70133003706394,122.54568338119417,95.39725171774454,13.982444686991151,production,1.0
99.0,49.92992398925413,22.975719108126718,85.26576227261285,47.54407078842311,71.60174217799444,121.42787463186876,95.15620338017055,14.488752170064004,production,1.0
100.0,50.02513414249374,21.82460102248931,85.7525651366623,48.06836525194353,72.61490870464279,122.65636450847816,95.39962222558064,13.45752563141014,production,1.0
101.0,50.04948565166429,22.583255317990805,85.93349247431972,48.21554032988933,72.63458682765771,119.71528464123183,96.96983856763099,14.346726758405081,production,1.0
102.0,49.99178527036874,22.120158201400603,85.96218261337746,48.609493257936236,71.435890280727,120.65121528729021,95.48257035825587,13.711301014339597,production,1.0
103.0,49.94628175708858,22.34034520780405,85.7950725144432,47.73062726876591,72.19773870996588,120.18109409063018,95.65796381987934,13.780281486932472,production,1.0
104.0,50.04365210763108,21.743248111493898,86.08046327470403,48.37286261201539,72.10905752088505,120.62248696742095,94.75758088782638,13.381883385294264,production,1.0
105.0,49.93598030276427,21.51618766622127,86.20210330583218,47.124542105575095,71.41356301897375,120.438233707843,95.16250587075697,14.180840182773121,production,1.0
106.0,49.96434659524704,22.469946928912016,84.97477866061034,48.422196047285276,72.20436672177517,121.13316769493092,94.54954172516142,13.880373922199235,production,1.0
107.0,50.03105089267701,21.94904833466274,85.41575039334518,48.90365405507515,71.97194092221413,121.26547440451414,95.96171887855095,14.375090270050919,production,1.0
108.0,49.88749294132127,21.79432617842093,86.16902839124718,48.08676595630339,71.64826142863694,121.24524535336404,95.14598605435376,14.082940609986236,production,1.0
109.0,50.019318479878315,21.720705964272057,85.9444644293734,47.78788747006297,71.84687855809125,120.6359561811559,95.26516527504606,13.707500634829792,production,1.0
110.0,49.97091795817953,21.745816104346435,85.7960817004402,49.568055982492695,71.56736525096895,121.53555348432879,95.55513504970543,13.688898378693505,production,1.0
111.0,50.00546398487389,22.70611590174378,86.06278828616855,48.3802237436229,72.4758343917568,122.3693404964323,95.6771566715523,13.663515785160149,production,1.0
112.0,49.99621492368896,21.79675020261251,86.23452229886455,48.72833993816285,72.2701037641696,120.24372943690136,96.5286782726053,13.602209905780459,production,1.0
113.0,50.0101057197522,21.94978802640082,85.15228042221366,47.875569596376025,72.58745807897003,121.33528366530977,95.51308543667147,14.150091378576029,production,1.0
114.0,50.03470859683535,22.954407876025204,84.93476980707007,47.593800548837436,72.18552996035686,121.25298784170161,96.03232581556814,13.66950623599656,production,1.0
115.0,49.96208151245508,21.995751930629467,84.98250428023945,47.52198461343219,72.31773515887083,121.91145187436912,95.15006783464187,13.816815124137495,production,1.0
116.0,50.0710491011156,22.16734707107136,86.79364295440685,48.69007851353723,71.79258550856648,121.28024665212176,95.0128671164024,14.000921847581184,production,1.0
117.0,50.03630468944739,22.31758839366247,85.04945258753452,47.373016402006684,72.52547755174622,121.34542649865254,95.15571271553056,13.917379899557796,production,1.0
118.0,50.042186633115165,22.053033824246626,85.5449815670347,47.02955950252186,71.64324075667389,120.18215274244962,95.48579201835483,14.021268133019504,production,1.0
119.0,50.05824319905555,21.8970751772044,85.57801634890232,47.90402561629134,72.479249010538,121.404651263578,95.64681544618779,14.210322002973028,production,1.0
120.0,50.03937941108529,22.684759011197333,86.31145642215297,47.847667731335704,71.75328417501139,120.27937925889617,96.04839021426537,14.145899573464371,production,1.0
121.0,50.04220393402893,22.302003419930664,84.65329189741134,48.164028411007955,71.73655055452434,122.01141421130073,95.98340888803716,13.668634053420728,production,1.0
122.0,50.00377968053714,21.923126499561555,85.67613483913946,47.57127373681785,72.36136308162462,121.27552881027921,95.2435081526899,13.99582221601429,production,1.0
123.0,49.92866130745051,21.621644182950646,86.43168669823879,47.814465299863805,73.12612431707494,121.45393748139674,95.67569835711285,13.554095697935812,production,1.0
124.0,49.99324774499815,21.713520693123332,86.3752979316015,48.08006165412565,72.54795806270941,120.34328770806593,96.07050654069153,13.90995928412286,production,1.0
125.0,49.961524267991166,21.767584007467754,85.95519586320448,47.39121268986939,71.96875473224799,122.38372642901518,94.86454423608599,14.12938901667432,production,1.0
126.0,49.92886291157423,21.315807705514604,85.55624176692274,48.38745640926117,71.39192372441501,122.25638712941999,95.19777896809397,13.89418479618369,production,1.0
127.0,50.01292263954565,22.648562236549115,86.77055755726263,48.67282881260934,71.3448615785015,122.465723693423,94.90162710257111,14.131181793899207,production,1.0
128.0,49.971572527292615,22.220599086554785,84.71586693112793,49.303275044756425,72.57926706293573,124.11093377117449,95.84367113064775,14.419238775598226,production,1.0
129.0,49.94850977809943,22.39517860259525,86.31065939260701,48.43501405621083,72.23638204477112,121.38111319620809,95.53014213883587,14.421047441229213,production,1.0
130.0,49.947849945996424,21.61371183226613,86.02995296281684,49.01283995870424,71.13140926975566,122.89417586222801,95.10858951398504,13.340861983332566,production,1.0
131.0,50.013420853985444,21.987949175019914,86.08259102734584,48.3467171448573,72.03538536737337,121.30734466569376,95.80091463930187,13.79443721855211,production,1.0
132.0,50.017933597458516,22.086669284180843,85.89032166425876,49.03744192286861,72.83965233926044,121.93457748723652,95.3700239109977,13.961515962333394,production,1.0
133.0,50.06612287348834,22.21364792697189,85.8567561479763,48.3496954183432,72.17521704906905,121.90570103215173,96.04371309647112,14.318562141300792,production,1.0
134.0,49.999304266573795,22.10158658642162,86.29487668024328,49.31222354921047,72.15961468293277,121.79031788155407,95.45461914453874,13.883187255376145,production,1.0
135.0,50.052091987960644,21.68680616204834,85.04727675281865,48.640139150203,71.53069619584669,122.26811466624251,95.71972009006055,14.51996086322299,production,1.0
136.0,50.070113241338625,22.62217646134665,84.99381591632635,47.88917416166504,72.52565147120669,121.11877051089976,94.86195228253627,14.183560991968598,production,1.0
137.0,50.057508281807486,22.470197122462547,85.84180599559191,48.32303178097198,71.72975354726786,121.53778684666901,95.78482063171244,13.733921067012052,production,1.0
138.0,49.881734804686154,22.216660094416856,85.7781548162071,47.44956533288626,71.87142101489647,122.1361002592057,95.37084469869018,13.737130079404062,production,1.0
139.0,50.061434185960174,22.60022795816171,85.84753384880254,49.14495637674185,73.04731005502187,123.59610018284363,94.71611742381393,13.76784828593045,production,1.0
140.0,50.01698100041243,22.67117989680012,86.70601388673185,47.93723090029477,71.4413310503523,120.49268019047857,94.65826079039736,13.504175252554719,production,1.0
141.0,50.02118856764267,22.74609085762964,85.40652758073796,48.51754191575636,71.81257139032573,119.340867241288,95.07879848270733,13.916816875384075,production,1.0
142.0,50.018561370886815,22.25431387295507,86.2072061171639,49.24446925483259,72.08713041959766,120.93192713158167,95.95911884052332,14.419342570974763,production,1.0
143.0,50.019137858013536,22.06374671607248,85.98932754640907,48.24900396794571,72.3936355417964,121.62523196790687,94.50959128716265,14.126346959213592,production,1.0
144.0,50.01597071101262,21.99828652987125,87.1807826544404,48.27887709538645,73.09587294043573,121.73166293791667,96.15857160978292,14.363066820929484,production,1.0
145.0,49.98205433457307,22.547236583529802,84.92166156969922,48.169993634359265,72.15265675625137,121.63660846414125,95.4852647895726,13.816766612616354,production,1.0
146.0,49.9049182350812,21.910674992627115,85.43743953377138,48.62896035849611,72.60821767448914,122.94943575675539,95.69079621621424,13.751868592215763,production,1.0
147.0,49.99455426360463,21.826353497608448,85.49298176747484,49.5140251675671,72.21515370502664,122.70537132712977,95.95223100376074,13.87509279525873,production,1.0
148.0,49.95981340757397,22.4140111038576,86.56137109471314,48.86385987490186,71.1434498036338,121.47889722755976,95.18123568708552,13.728182809595417,production,1.0
149.0,50.054008170626894,22.401927760402472,85.27895322006536,48.267469551301964,72.76523824582992,120.97835217783117,95.56393877210763,14.589365828165292,production,1.0
150.0,49.98556167470023,22.447805019575455,86.76750646074105,48.69977486151595,72.55248410082446,121.13027066440351,95.50691752791545,13.914936327768833,production,1.0
151.0,50.00417376780535,21.853942311606545,86.7333831001833,47.139239059518815,72.83295757968652,121.12147124102586,95.28637110057599,14.304970900183863,production,1.0
152.0,49.95751970221949,22.31435402646013,86.29560417155716,48.2542240584175,71.4969375103108,121.28175379344783,96.01006654062773,14.096661579280246,production,1.0
153.0,49.974468876605094,22.560592865485297,86.04032156045434,46.53552311920901,72.0520141419332,119.66861119878469,95.64474630960865,13.831352901964287,production,1.0
154.0,49.99942334691567,22.002941426350667,84.84578913846623,48.71301980732272,73.24134026890259,121.00574321128524,95.96248386436352,14.30491666954957,production,1.0
155.0,49.925731240786824,22.08800386116122,85.89032650982296,47.073447667321524,73.4280430344828,121.05221758583673,96.01564032183116,14.17210286443262,production,1.0
156.0,50.01503425571473,22.07644789816715,84.92411508534403,48.474582886120565,72.17906119173445,121.33837969833654,95.78730750344826,14.113978294545161,production,1.0
157.0,49.994696387327615,22.803672293158698,85.56636392992976,47.73799189268143,72.30392504507272,121.26271951248918,95.97461305345674,13.995382006335998,production,1.0
158.0,49.94071400974974,22.55664888265227,85.90716218673596,49.636113136934476,71.66170978677741,122.37701206346931,95.02705733136861,14.082755766844622,production,1.0
159.0,49.88008835673011,21.66042303451914,85.60128109866963,47.507953689758885,71.96995364224806,120.93487582494674,94.93542160605325,14.16929878321095,production,1.0
160.0,50.02565260669402,21.588660944757137,86.35832957573523,47.99299772588829,71.64566495933911,121.04939916310248,96.31731788020566,14.520057172948636,production,1.0
161.0,49.98512079805283,22.457301404112453,85.711522792952,49.18055603500217,72.85029755066735,122.22838346806122,95.40267987724738,13.91717380092707,production,1.0
162.0,49.97349957933909,22.11229643096347,84.86100134031341,48.416524862220015,71.88780148343089,121.29792352885914,95.91832122576923,13.864971880762981,production,1.0
163.0,49.988192268507355,22.410832162917863,85.15517835507111,48.37999731331705,72.12940080729396,121.84217105359387,96.14219399366762,13.65650138983765,production,1.0
164.0,50.09082379704406,22.304331786340704,85.0278694209233,48.243230815703974,72.7154249013401,122.38763174801385,95.77797473208494,13.964504599761876,production,1.0
165.0,49.997509951547016,22.602129322603464,85.60329766243949,48.36116784543957,72.13006737209717,122.09267517193176,95.99871863496863,14.107264748680533,production,1.0
166.0,50.00433096314943,21.548223221166737,86.54258783552493,47.90846313150144,72.81263387984862,121.8882687802073,94.98871913569323,14.540615454249371,production,1.0
167.0,49.92564635651623,21.979569168779918,86.09830511342923,48.120306594562244,72.0343742217936,121.35398509987155,94.93906869222248,13.671741436898781,production,1.0
168.0,50.0823669533178,22.299302007592377,85.99932319924244,48.33958281280285,72.69021977855792,122.40950795630108,95.0179511966637,13.375750919981437,production,1.0
169.0,50.04587439917221,22.292867052683555,85.02508812280215,48.6359438035973,71.57341379427825,121.80329384690549,95.29321530717915,13.83769182837893,production,1.0
170.0,50.05334674335026,21.81998319670122,87.21845407026753,48.18883210007477,72.08852706014014,120.98808821567269,94.29533723006507,13.919932551493797,production,1.0
171.0,50.00238363656059,21.98851989069592,85.78057596967345,48.63546986695664,71.25609222379246,121.4140967095742,95.39643560543857,13.782803014930586,production,1.0
172.0,50.04583273944123,21.96517568325942,87.24819884210716,47.276679887205056,71.49571267531485,120.13434722762868,94.67256038972552,14.683367463786796,production,1.0
173.0,50.01854734175472,22.21749862643186,85.27805497095599,48.771814493793684,71.6014759791478,120.4431485084987,96.09717786550402,13.140047035975721,production,1.0
174.0,50.03065945389295,22.479951607246875,85.45819573948204,48.12964289992338,73.0935747966443,119.33831761147309,95.81542984308562,13.663238374667658,production,1.0
175.0,49.99239035207959,22.089622245894976,87.35903547142568,48.93715572102505,71.44304237414477,120.78255949660267,95.84249835554733,13.83823430525654,production,1.0
176.0,49.9263056025979,22.138656543657483,85.15451627406183,48.74634024709602,73.48311617527132,123.20167982918761,94.63111453046754,14.134527800695299,production,1.0
177.0,50.05144271739016,21.362260463135296,86.05094935239556,48.088993472504946,72.48935350308976,120.931665111969,95.40364574787594,14.235178264683656,production,1.0
178.0,49.90325201816952,21.775528163763827,85.59695499143828,48.45230412965173,72.53160956430746,122.54480529277346,96.32729146690825,14.015141758820073,production,1.0
179.0,49.988003166437096,22.941184406700902,85.31192213463673,47.66261169877316,71.72206770930474,121.59579925183532,95.24343154267216,14.176158986447092,production,1.0
180.0,49.98977387558002,21.51411694919322,87.09664775797077,48.000836406792295,72.56437025399401,120.75934141229015,96.02887288425966,13.902351023326482,production,1.0
181.0,49.947856992950776,22.745749121113192,85.19749090796496,48.574047041161734,73.45288227722166,123.20587449505616,95.15627828059253,13.495039164137257,production,1.0
182.0,50.03065615681683,22.080812822693566,86.33833915708348,48.412107479920785,72.8171876954572,122.298403330538,95.52324946179169,14.001072898651636,production,1.0
183.0,49.98998351492952,21.414650765596107,86.46231341847073,47.106408179531954,72.18838842866745,119.49729104162476,96.92328153052496,13.669405916764141,production,1.0
184.0,49.978156583720136,22.7829519985304,85.19243178833,48.67271106361453,72.33061237901053,122.84870796105457,95.93485340574097,13.314089847416799,production,1.0
185.0,50.02599208654888,22.713437201406148,84.66090340275287,47.544648804803906,72.44534448191133,120.30872736026306,96.2572220933385,13.74134768154648,production,1.0
186.0,49.97617104797208,21.998426618019618,84.73051968944543,48.100306091550436,72.23393179392974,121.38431051970817,95.57485072595655,13.875123115335596,production,1.0
187.0,50.06944899874192,22.546537755911213,85.31875775805287,48.785451114845976,72.11552515721435,122.39875178349565,94.8315647336634,13.991704099180442,production,1.0
188.0,50.01757275380937,22.0571549956184,85.93165004145936,47.83228915411967,72.64581662863156,121.23627868769671,94.87246342256081,14.000773847741597,production,1.0
189.0,49.97628335065828,22.219753976328047,85.99879914528879,48.37811050333497,72.09491084592311,122.93780060071366,96.01298315088766,14.033361098278359,production,1.0
190.0,49.90278675120072,22.265746739544408,85.68352781397361,48.15604043516629,72.78320666775707,122.50742802956259,95.74793092297723,14.47089539301728,production,1.0
191.0,49.93461234015494,22.10667501837443,85.73313300790326,48.22521784439996,73.23257056724577,119.70038318480312,96.32498907030975,14.082240324287037,production,1.0
192.0,50.054341539238415,22.40865342779115,86.38004593132257,47.57753699757318,72.6785507611575,121.0243140448687,95.35864775091854,14.078190102745511,production,1.0
193.0,49.997469796844435,22.35301397333382,86.25574927158317,47.51363710618023,71.9034185818669,121.92820344894817,95.77408281510971,14.4340160384324,production,1.0
194.0,49.98584374671602,21.989355274911915,86.02128945639805,47.09758257975006,71.97759743884099,120.89807542510806,95.24781409281012,14.347946093624069,production,1.0
195.0,50.082162580712136,22.31668623647099,85.42297561823493,49.286995019342825,72.76903763287213,121.32677997078073,95.9272908520484,13.749912989680142,production,1.0
196.0,49.935867537796305,21.98981860239074,86.25875812236325,48.7205679788931,71.76021559046785,122.54417080365326,94.55309176698844,14.118116442657398,production,1.0
197.0,49.97071711000793,22.251330635201704,85.89993849714253,49.10350268665929,73.3172583750481,121.96256294939921,95.61218114602273,13.762438356281603,production,1.0
198.0,49.97637061616208,21.99878982842996,85.34144958414957,47.884315402073796,71.93050722102686,120.47555850276639,95.14918417784203,14.013272446648587,production,1.0
199.0,50.02931686407656,22.23617338993384,85.44289095500258,48.82939673835482,72.26190663724913,121.78758460568393,95.5270270812453,14.458058243827422,production,1.0
200.0,49.9668232400848,22.837219906674008,86.5250348574721,47.90356101321058,72.33730875903349,120.84096884268769,96.09819293744776,14.038214536839634,production,1.0
201.0,49.9693291075693,21.935094412298064,86.89383310360117,47.38585730391486,73.96581714693284,120.11497702102778,95.78362335068941,13.894524976018781,production,1.0
202.0,49.919742530155744,21.611074617256058,85.46746570729985,48.45566072661941,71.96897469425824,120.21453647351377,95.90242177297424,13.60258077350504,production,1.0
203.0,50.03646747020089,22.833643126292067,84.53709887109734,48.13960961289624,71.84782538407843,121.91222617191443,95.1911175768682,14.117142735126404,production,1.0
204.0,50.04030696792575,22.312607282176117,86.13499631078305,48.359647577608555,71.91090622463683,121.53129971398182,94.25094340224787,13.972965443040152,production,1.0
205.0,49.97618116262994,21.935013527607385,85.23907910997383,48.444760800953624,72.5513415604137,121.56859178166201,95.02282918390979,14.249124702208471,production,1.0
206.0,50.008166997277065,22.09501404005322,86.2189949483239,48.32327109601428,73.03618147518506,120.18354124620949,95.71549287294071,14.22178426509648,production,1.0
207.0,49.935367693862034,21.828973559490176,85.55232156969716,48.093885739924694,71.52316156865898,121.33507641265119,94.99882787593967,14.232204102494864,production,1.0
208.0,49.976409342262954,22.569196682864845,87.11399566891444,46.891448641745676,71.8192641386058,120.30787203274268,95.76769614750283,14.353519142853527,production,1.0
209.0,50.068897547636126,22.478965131379255,85.84186481550697,47.47158157501238,71.91215976621827,120.43736362432502,94.66001670718684,13.957178829667772,production,1.0
210.0,50.00678653670336,22.444614108259522,86.3144510816994,48.4848466163339,71.90309138303998,121.347329213914,95.50114862342397,14.41166993916166,production,1.0
211.0,50.1155181743398,22.280807461729612,85.04187212379655,48.95571902394645,72.8888027479129,119.8817401835492,96.24426218279828,13.5011729523659,production,1.0
212.0,49.96064036289214,21.37223568149425,84.0774344936922,48.33358219742852,72.76550866308287,122.34113943314185,95.82811164338096,14.346468405129679,production,1.0
213.0,50.02901422083622,21.71697258886271,85.848254458936,49.36763389927133,73.30169287805872,124.51837099731661,95.15052364333718,13.677850199144798,production,1.0
214.0,49.990224708608345,22.305021074059198,85.92222165883153,47.12375457447352,71.92022189792607,122.08067550844974,95.91332841764377,13.470495907107228,production,1.0
215.0,50.0282908923414,21.128763824467548,86.19515334196392,48.78621731555451,71.3693706961951,120.27446335440256,95.50565355997969,13.933705555306858,production,1.0
216.0,49.99963943201706,22.158509057388052,85.4285583408432,47.611647689101034,72.08895724632863,121.19626780909046,95.25860819777716,13.914119327378225,production,1.0
217.0,49.97194009447954,21.77953978406051,84.98355582137869,47.44087461646966,71.51653507084285,119.65079231603124,96.13142077153435,14.27359146967571,production,1.0
218.0,49.95661916178391,22.44242119529238,84.79611763497041,48.0090625443956,72.234996564274,121.05969006340824,95.75722693392687,13.767471528993552,production,1.0
219.0,50.153301836952444,22.109887746043267,86.08599774169654,48.46589250952771,72.84752135695476,122.11700310843075,94.58573616774223,13.638370290331274,production,1.0
220.0,49.99613274701379,22.611505769884815,86.17792865228502,47.73274081720787,70.90912678077919,122.21076991268039,95.24329839669986,14.038686034239385,production,1.0
221.0,49.89916696548834,22.322396305620014,85.22388275436096,48.53714028141752,72.46913303548799,120.26058419816732,96.33338431942487,14.144158996972088,production,1.0
222.0,49.96756996960483,22.232215586109163,85.43004356902728,47.55680591286059,73.47036715438117,121.85270346657947,95.50252351958301,13.749419568907724,production,1.0
223.0,50.0339019863562,21.79674770079629,85.30742278903666,48.49946985800824,71.5520347395774,122.87635773877777,96.54819183534842,14.037661485919786,production,1.0
224.0,49.974999578340764,22.43652021952773,84.60462259392497,48.09653259913719,72.55185827602209,123.58960406942577,95.933101347171,13.641252978377185,production,1.0
225.0,50.06802231012426,23.136488949939892,85.85857299123893,48.2022817010424,71.3570147692796,120.6372533927796,96.02864010708996,14.037890219203215,production,1.0
226.0,50.0501199136422,21.499923192500226,86.24401355273046,47.05658066838686,71.5198266665588,120.43576775102878,94.71965210305135,13.990798202909026,production,1.0
227.0,49.99238306820879,21.77391825791375,85.59963823306917,47.74023761606218,72.22176798544054,121.53259516196067,95.31155627071107,13.251313762611591,production,1.0
228.0,49.9763892028612,22.848346164813375,84.8773529833237,47.06766673022979,72.88954328547308,117.9479645251461,96.30234464730025,14.1426489838435,production,1.0
229.0,49.949759949648616,22.38670874685429,85.6089758866311,48.57764408349174,73.0472634185765,120.8186972320214,96.2325348539329,13.942760901834326,production,1.0
230.0,49.965001672884334,22.062889709638327,86.54369984400337,47.04889456450092,72.18078564570568,121.1249224960841,95.641894568866,13.704727212540725,production,1.0
231.0,49.92634284626672,22.493308428079555,87.00001186451962,48.99939591282631,72.70537698984754,120.89292606991431,95.20972771747411,14.563791349694316,production,1.0
232.0,50.060219814576655,22.312755650399886,85.88049352059609,47.67398730322457,70.29439550522812,119.53742260028365,95.0903962632918,14.140451799955617,production,1.0
233.0,50.0795350393563,21.917938095031488,85.24258287206412,48.265494248759126,71.90239864817465,121.13723364928765,95.40083156103726,13.866393935071738,production,1.0
234.0,49.93719309651361,21.910884940130366,84.52145994308832,46.800294141550225,71.8988221955315,120.49368009463457,95.48116813255795,13.815296938859543,production,1.0
235.0,49.94091585121568,22.519512274388195,84.78204701000146,47.95073834167231,72.5769859565814,122.3281970032349,95.04187018970845,14.078016514113777,production,1.0
236.0,49.91157440714566,22.3139114061322,85.65302554417511,48.46539209678266,71.5608205296211,120.31054636766697,95.04296590276019,14.257428784362576,production,1.0
237.0,49.95180728846339,22.606836414970257,85.83851294825102,48.91027347061951,71.57565745962015,121.06729322454565,95.81067218930608,14.038362962260424,production,1.0
238.0,49.84468315993583,22.436436240437434,85.85367972035941,47.67250049121875,71.55822280629961,121.11985402128096,96.15851512999716,14.16900238224407,production,1.0
239.0,49.942886052168404,21.928473014229514,85.53849807748388,48.877417700163036,72.5490677668462,122.07365481909326,95.72959223640308,13.714491206742931,production,1.0
240.0,50.06484576999003,22.782851545610924,84.76688706017099,47.83708476517122,72.0579149038604,118.33055512561582,95.57795374221458,13.935700549992218,production,1.0
241.0,49.98271637352678,21.803060666704052,84.63231865940442,48.41748907161204,71.84429635812839,120.88096784486235,96.1999563480307,14.309872104569981,production,1.0
242.0,50.04272921174267,21.990115429564185,85.55190623693397,48.183830031228766,72.74749313089545,122.10522808247401,94.91344444650346,14.035078528840607,production,1.0
243.0,49.9755515468079,21.857415168551196,84.85403806896169,48.94701994199519,72.00843809845385,120.663531711628,95.43028766666151,14.181530391731945,production,1.0
244.0,50.08803336484966,21.6091375502336,86.01689535740705,47.31297960272199,71.66169412195725,119.16899703862919,95.31021290186224,13.914796381472085,production,1.0
245.0,50.00996089915069,22.417715754604966,84.24380994899133,48.99401364187893,71.92175274401328,121.29689967595692,95.24417846575408,14.390909218518514,production,1.0
246.0,49.98089988539282,21.746592822807475,86.01652854189199,49.47713250082913,71.09134657008194,121.21256386287155,95.02342912678004,13.80412467537553,production,1.0
247.0,50.12762120126855,21.893087227398524,84.4894331705406,48.8122891247913,72.27931829528647,120.38740782273645,96.00048303734172,13.758740459136991,production,1.0
248.0,49.98377640718573,22.54291668398889,84.90825456997398,47.79780275766188,72.31897691182807,119.22359415622688,95.79313954148306,13.60485562071146,production,1.0
249.0,49.93893883251369,22.510910497647263,84.79319810848003,47.95362591462292,72.08206610797197,119.62979172716273,95.37857812774321,14.089086078225494,production,1.0
250.0,50.010095500098004,21.915260723387124,84.33780599440477,47.78095474626034,73.36186786332946,120.04524657124979,96.2573437054851,13.959314738066245,production,1.0
251.0,49.9980582480721,21.639607329236497,83.22098048568614,47.612082032533706,71.57841648358864,119.27416762468239,94.74150194984087,14.252508256906234,production,1.0
252.0,50.053316227658314,22.120101938796267,84.02444303031592,48.583346045283214,71.12515461875115,117.9235465063097,95.39168901044253,13.857895340228033,production,1.0
253.0,49.95391830377511,21.521625017083196,85.11211716166972,49.4995983987278,73.38746504942567,119.2074712627146,95.01409281412336,13.52703278831977,production,1.0
254.0,50.04023584657398,21.75555741861526,83.31487688744546,48.65270220440468,73.51951871976792,119.9592796502651,96.31763176386924,14.01273119048488,production,1.0
255.0,50.04263742352872,22.00356014872588,82.86275051718395,50.14439012357558,72.02856095028801,119.32755993038279,95.38618385937734,13.731428278750345,production,1.0
256.0,49.966615635403244,22.09435006130103,83.72130672692985,48.832878232908485,72.26403934120924,119.74790757658245,95.62865808095329,13.803672956881194,production,1.0
257.0,50.00816220028614,21.934429546701843,83.4897653973473,48.01322941995417,71.64752500664972,119.84145151460827,95.29276361708293,14.316806494073658,production,1.0
258.0,49.95846240215728,22.09729123171502,82.84601171432558,48.07188288513272,72.03700057735809,120.71932413876836,96.0159002632104,14.135712206249483,production,1.0
259.0,50.11729040369203,22.707141044915463,83.054644926739,47.26752130361322,71.56208372112046,122.19029939267334,95.73695937632236,13.861618203549524,production,1.0
260.0,49.96479302188599,22.40405935336716,83.10196588251063,48.02594277680526,72.24388744704687,120.32602793936428,95.70277045875905,13.98828638445695,production,1.0
261.0,49.977346277816565,22.703771696061747,83.02726676106757,48.11598467125559,72.54315886502198,117.6647886224348,95.53481623841138,13.641383199613514,production,1.0
262.0,49.94670809890183,22.509353675505057,83.25698751315055,48.99483385925652,73.46311419148391,116.06364583603812,95.88245253231217,13.588896069646434,production,1.0
263.0,49.98269393624134,22.242583811725567,83.46760697246924,50.24982916244556,72.61608670956039,119.04053010641479,95.70608733790982,14.165078715251326,production,1.0
264.0,49.99970619866515,21.66309285533412,83.16009413681877,49.98741691597747,73.28503807438562,119.14136450974006,95.7565486482084,14.344834114714168,production,1.0
265.0,50.038389456767234,21.613020634628587,83.01709333280941,48.79041192568983,72.88911760565621,117.56317354967248,94.72852299823356,14.119536709814179,production,1.0
266.0,49.96947566769671,22.138036628910534,83.7042798457244,48.66757930292778,71.99855866612361,119.18549337612204,96.0491646459105,13.684415888681718,production,1.0
267.0,49.99071130206642,21.981631828397358,83.23748143181301,47.21403668799549,72.2184369193545,117.8402714881771,95.98084755594789,13.961749073879565,production,1.0
268.0,49.9291755316793,21.77005072111059,80.71665663706433,47.123118219858526,71.50993120314362,119.14525847099091,95.77895533149278,13.970904768622704,production,1.0
269.0,49.95862988866169,22.306531935010813,82.13048103092453,47.79566950467202,71.53973962688238,118.17280113330271,95.28759679720804,13.981346307130366,production,1.0
270.0,50.137790377913795,22.63105302754346,81.28642197730574,47.69659287183707,73.43715986544137,118.94165929210136,95.44632542423564,13.59996627406659,production,1.0
271.0,50.05206215958474,22.112946858888897,81.70280108851314,50.154175064081144,72.10532562209512,116.27406503439768,94.88620228830258,14.13888845820855,production,1.0
272.0,49.96092879791613,22.173265897788216,82.46281545971749,51.87554180804536,73.82584211032969,117.74084869817078,95.17798769389057,13.940173660730233,production,1.0
273.0,49.933130137923584,21.91888496793227,81.76330531944289,50.07657163432846,72.60426934318903,117.98971878000961,96.41511666404486,13.662811727285462,production,1.0
274.0,49.951220858470016,21.861223308973816,81.51078735229126,50.50814841234651,72.68483342109852,116.35912548375785,95.3527615583521,13.444207095119792,production,1.0
275.0,49.99891545702431,22.924579256261808,82.44176619492855,47.3912120633185,72.42519085837525,120.22863913094602,95.13177377096889,13.63398294484208,production,1.0
276.0,50.00173638941796,21.631261713820773,80.63303772011942,46.23606154421518,71.57683387103306,117.22168087565954,95.55067782331452,13.76427282954908,production,1.0
277.0,49.962781969953454,22.068034143524933,81.36269631738966,46.93384578606937,71.9299365113389,119.43926926306634,95.33982314239893,14.067822170122021,production,1.0
278.0,49.935671276663115,21.952355746619542,81.6318803162761,46.74394411314336,70.81216198999108,116.87470615926297,94.86524424097068,14.231273695558952,production,1.0
279.0,50.071118925262425,22.085932955924335,81.20070592807804,48.31943427081699,71.32872645843831,117.29648482408443,95.63888740150962,13.531515397567324,production,1.0
280.0,50.02258427256476,22.547090867930034,80.37182051661296,50.824660211447465,73.22950320189969,118.89358691399494,95.17337073219961,14.199731910844598,production,1.0
281.0,49.9812715990216,22.52472069772811,80.93976648267903,51.80112903638529,73.67953652146414,117.73787292203333,95.4141259606768,14.237856481702934,production,1.0
282.0,49.9889669396092,22.069819279187307,81.32129695139497,51.74769559697632,73.28891991830203,117.50404451269425,95.97612583847034,13.771980828659014,production,1.0
283.0,49.97352347704371,22.573901209215936,80.93458391547198,49.75832168274069,74.11875234004698,117.49293333420944,95.51174005184643,13.769040796588191,production,1.0
284.0,49.85319772769915,21.81651342614483,80.79425514681856,46.61761792375771,71.51018619445811,115.4345577979209,96.04586127688508,14.558197884453815,production,1.0
285.0,50.00578309135463,22.264023130683416,80.67147796092804,46.51420863902383,69.98478789467352,116.5065541180482,95.63941414055203,13.927395620771884,production,1.0
286.0,49.94647277951521,22.832167814885597,80.45145592249715,46.366578847128295,70.04350763080232,115.72628036349634,95.03238260075945,14.178733722293456,production,1.0
287.0,49.94986578504836,21.88792938162698,79.50887952574865,46.71692792936515,71.3963096317738,117.01083506380155,94.98051113650345,13.893749941782318,production,1.0
288.0,49.96798687973048,22.199604013407,79.9514335566596,49.2365148391103,71.97433114284263,116.02099198051708,95.40083546874403,13.911070392450139,production,1.0
289.0,50.03661508573556,22.71557256514638,80.2786205359297,50.36626398175953,73.8503643917628,116.52069822778225,94.8367358868235,13.554719208121073,production,1.0
290.0,49.94147345957962,21.777724266035623,78.03460007199482,51.87858563095372,74.25924770405506,116.3805267778041,95.57462638887878,13.93224852295948,production,1.0
291.0,49.9282859270163,22.139011305600953,80.2407651023819,51.33066226183675,74.11185983811704,116.32927218386038,96.09364919771838,13.645250162715023,production,1.0
292.0,50.03199260375862,21.98591843135656,79.87203122227407,50.22830886793584,73.1962526978012,116.23078987703714,95.23084979208048,13.711455203778813,production,1.0
293.0,50.03771844523198,21.663610158739274,78.90215287281227,47.104153564213256,71.89790201946708,115.38913433772787,95.27567566600527,14.145379012716079,production,1.0
294.0,49.95205331461029,22.27063225091706,78.98790116804547,46.55143929153501,70.33177152651953,114.8066191013562,96.28596481914542,13.83370992145376,production,1.0
295.0,50.02811988386465,21.769808298036775,79.19642379777214,45.571272431654336,71.1399769087684,115.17356291324168,95.7688420469489,14.646907438100003,production,1.0
296.0,49.98541837847926,22.768285632941783,79.44977416466851,46.87544508016011,71.69163036231876,117.15593905376774,95.60655977782282,13.920627457471847,production,1.0
297.0,50.01506460882768,22.11276418961616,78.8602495303132,49.500657996918484,71.71097420362396,116.21832520463667,95.80026498544244,14.242522822969423,production,1.0
298.0,49.93695198599672,22.018947797160628,79.66778788026171,52.320108739953675,73.66440488253855,116.37285179701095,95.3990193854368,14.110429322660138,production,1.0
299.0,50.04164472246804,22.11785639166678,79.09835050229333,53.42149214795331,74.80947878135771,117.22357843585792,96.09348236199753,13.560744381791952,production,1.0
300.0,50.06016294770583,22.141114952603814,78.2613904898049,51.953525754554434,74.54132989839137,114.05134954685887,95.7727662391882,13.325267941125498,production,1.0
301.0,50.03185366178131,22.018795022022452,78.33345191890254,50.661167806544555,73.12301770623836,115.97759837972151,94.123207324345,13.49523902373929,production,1.0
302.0,50.027916998084756,22.119853331799284,78.63550658140558,47.324324856188404,71.76148409013271,113.97449535503974,95.67314580443727,13.93935469076047,production,1.0
303.0,49.81138624219386,21.865507128304884,78.81875142716909,45.73631034654702,69.04920421027511,114.76225489777512,95.49230667081073,14.321856620781139,production,1.0
304.0,50.01303148745335,21.89411851223188,78.67247542442368,44.87110378170203,69.8821109860375,115.64335342289334,94.52791222036352,13.80498862154128,production,1.0
305.0,49.99872773416537,22.303167126301158,78.08862041736316,46.73475319426157,70.88032466176718,116.898234323962,95.8497827631751,14.045689436604983,production,1.0
306.0,49.99264772465769,21.236257973119184,78.11955609498364,49.59323334475395,71.3690286090944,113.92112020194638,95.24948646678705,14.04953324526244,production,1.0
307.0,49.968471100501446,21.76944628313719,77.89745318121024,51.67850280344244,73.49471831366498,114.64460544110753,94.99222832857271,14.793597473975293,production,1.0
308.0,50.002768248745674,22.091096311202296,78.2883353170345,53.83728468231217,74.28486536820351,116.04443355516398,94.23035090267491,13.834308841457416,production,1.0
309.0,50.02060587025642,22.22305440143509,77.08599550099623,52.85218015354616,73.18598291200156,112.7677146783215,95.25166133568726,13.842761580571679,production,1.0
310.0,49.98681059197297,21.92830705719275,77.92202244728769,50.624598111299406,73.24774082482652,114.88850249421077,95.2592599314209,13.98167103633108,production,1.0
311.0,49.97683379301451,22.137428265935824,76.33142386739576,48.88791762114985,70.82392736225147,113.9824642966614,95.56270399061721,14.038463994949458,production,1.0
312.0,50.06148769054696,21.941561448812596,77.59600908996214,45.56667870778078,69.64713802319159,113.19274466315721,95.3694686029308,13.306785016094006,production,1.0
313.0,49.94473164463654,21.33546438738099,77.36161583342555,44.216672781876376,70.2669985849157,114.32506660907983,95.23019077062061,13.992992935475982,production,1.0
314.0,50.051507759891194,22.454334564842746,77.09013818942267,45.94201627379753,70.16111279658725,114.76130306202126,94.85326665614394,13.818013183818898,production,1.0
315.0,50.00884062318653,22.183735084835103,75.69324781436012,49.34834004326224,72.79217504719128,112.85110711032603,95.075486736023,13.953679510621695,production,1.0
316.0,49.95978471773588,21.691978509835742,77.79527527234704,53.31501473146347,74.0167844992192,114.299802732126,95.50666065325701,13.704128653689297,production,1.0
317.0,49.98550090519653,22.663290226799095,77.2766921128593,54.40661974214779,74.10783408791859,113.95000150585854,94.37957750332171,14.24088968334545,production,1.0
318.0,49.95400031985939,22.34267138693682,76.63529669282083,54.092063866371255,73.28882658225335,112.14987941873589,94.96214830039881,14.31743090211419,production,1.0
319.0,50.03375322592047,21.81983969113698,76.77761252566873,50.608095909716134,73.19189363041644,115.40220502812106,95.20973475027421,14.164143831370309,production,1.0
320.0,50.017395088098525,22.51103072086951,75.82109793506437,47.98967309223191,70.83419822424311,114.74400432199413,95.1863688928099,14.261771286123867,production,1.0
321.0,49.97216019124234,22.28237250385375,76.57440937945626,45.26145117642522,68.90363342165458,112.30217887730709,95.54038529244468,13.732643484233193,production,1.0
322.0,49.944889085047286,22.39666353985058,77.08539570072728,44.03677849081957,68.52712055106903,112.52806309896555,96.1054645545175,13.738510380955994,production,1.0
323.0,50.01508580467505,21.822743430042614,75.32477014907494,45.72374575112654,70.05377507212637,114.05484595296744,95.03247414297137,13.814931722402038,production,1.0
324.0,50.0478692803421,21.839150004056457,77.5295347520055,49.94060947337564,71.70451341868483,112.4332216674738,95.06942577181164,14.210160015213807,production,1.0
325.0,49.99430818253091,21.73115549960233,75.53396281904153,52.30845606689189,73.74551760455282,110.71791139738414,94.98538845564123,14.282388728359088,production,1.0
326.0,50.02091762504446,21.842050950929806,76.17478653198782,55.19743651778414,74.24516661774528,114.0820088179928,94.11094701367037,14.271350365250283,production,1.0
327.0,49.98119864247251,21.131567724571326,75.06487914000334,54.84969671014481,74.24051872985554,112.73162892575186,95.77445182675974,14.050176218890824,production,1.0
328.0,50.003378460300475,22.488633900053536,75.67697548655786,51.42865243517049,72.90254859455956,114.90722897624288,95.3342570243015,14.085022422266563,production,1.0
329.0,49.985435854430314,21.581268398727183,74.56053817857968,48.90809610983131,70.61844749917736,112.94543083841688,95.51463873396864,14.247441810674683,production,1.0
330.0,50.01470210714875,22.279648766736724,74.81165882792247,44.305579384405924,70.2473983309197,112.64330145942365,95.17497930844296,13.791337785255129,production,1.0
331.0,49.924511374348214,21.530788279259017,75.06315763526078,43.1624408952443,69.59351177989123,115.85000858416007,95.57967151195325,13.892331745046862,production,1.0
332.0,50.032209526159484,22.095107105528427,74.80004455023186,46.22241046564533,71.37772015928785,112.18083421781776,95.03083106780478,14.118377551713559,production,1.0
333.0,49.988503375919834,21.56974840131183,75.0418983108891,49.5659091501879,72.39815522703014,111.2313336643172,95.49476040978982,14.470460499270802,production,1.0
334.0,50.01793040338247,22.037038618358913,75.76553256172255,53.43360505562646,74.21442960326704,112.63495926243328,94.82890694059543,14.187918833545458,production,1.0
335.0,49.98298449362669,21.403409426637776,74.40690055879047,55.911640254776145,75.8788972439733,113.70920926592623,95.7406994070727,13.990345304495902,production,1.0
336.0,50.016018059468706,21.804813916055018,74.44887744856166,54.857929100623984,75.1944022251733,110.93451453228471,94.55094063488005,13.850944288812604,production,1.0
337.0,49.94637185979355,22.303729883819848,75.18772990047496,51.38591995932267,71.97688627450889,111.22907056390098,95.47295599598299,14.042666033499064,production,1.0
338.0,50.05945772062442,22.12372029031684,74.81413339359791,47.92197862345117,70.57605453636305,112.8450269106542,95.24959434282512,13.179814169139139,production,1.0
339.0,49.91482277061814,22.104865466609052,74.54353898674212,43.97109423954378,68.9119507178291,108.45476237076709,95.52625030464353,14.214690025034729,production,1.0
340.0,49.94803805926104,21.69135526445106,75.21813821609639,43.91652600573821,69.1135107931934,110.96662269468833,94.97652087258496,14.145960123081618,production,1.0
341.0,50.01178330347698,21.15439663544064,74.79341797129565,45.588198017384414,70.36231775776967,113.21865706830758,94.75128046557235,13.744163722240396,production,1.0
342.0,50.07314211425923,21.67407659222245,75.3268316898107,49.24334461500677,71.02858424497839,111.54620724468066,94.83131034184676,14.101029846681836,production,1.0
343.0,50.0139063150904,21.82518158197385,75.0943914860069,53.41757118325417,73.98334695370113,110.2847152985781,94.95326027417566,14.018596732709751,production,1.0
344.0,49.98760457723605,22.6195342145122,74.9906095392995,56.143446041291696,75.47626635492361,114.53335695165127,95.01723301053639,13.690758718959293,production,1.0
345.0,49.928745492837834,22.25391480035966,75.06347697909246,54.46566469974633,73.91014495454051,110.51619971882417,94.60535418810954,14.411115418757944,production,1.0
346.0,49.990436166778494,22.150958815260502,75.71143972357315,51.539106490819194,72.2817338305914,111.56695229309635,94.92622689528778,14.052312727207159,production,1.0
347.0,49.999006149447894,21.78989528901204,75.87902526928059,47.88863695499296,71.2895255401899,111.73384734287981,94.14656314040977,13.687455740256658,production,1.0
348.0,50.08452843226697,21.72920187116937,74.98786019703957,43.9217146213775,69.16300320761907,112.26701881400149,94.87117818438881,14.651118931825472,production,1.0
349.0,50.03110626108029,22.275417851101334,74.45869606023518,42.95058431249131,69.52649337534714,111.70994696174762,94.96927646500792,13.986435689842263,production,1.0
350.0,49.92354535625358,21.868610649382358,74.16294963291232,46.05019372946385,70.68338558691593,112.04229109411573,96.0305819074593,13.798358099817156,production,1.0
351.0,50.10133895476216,21.88093403273853,73.72262038455358,49.7253305333332,72.24515867413854,112.19452804805564,95.84086874407426,14.22427562200792,production,1.0
352.0,49.98024950622506,22.78109309565713,74.35023160833508,53.008741547299095,73.06863865573123,112.00759864347089,95.65644129544783,14.267377292104493,production,1.0
353.0,49.956027014264784,21.61948196267688,74.53744701057707,55.29994615540238,74.44092375283891,112.20960627208765,95.42056030436403,14.09437461278079,production,1.0
354.0,50.07374113260435,21.897824907481287,75.01034743566868,53.90323629943864,73.22310014744139,109.22902670460908,95.01654890341341,13.127859488393117,production,1.0
355.0,49.99751221198515,21.90884789606682,73.90657221347148,51.38314456952336,72.78033531421886,112.5990686571056,94.18172582687072,13.983554716965834,production,1.0
356.0,49.98162987003109,21.74644665368679,75.8857343181603,47.86677173312844,70.2770788226095,110.37049115714676,94.85479844889775,13.977768968580678,production,1.0
357.0,50.01093929944676,21.440608758921307,75.65907500611071,43.94704048300418,70.08423614957503,109.44190850381773,94.81120783292371,13.967988260226413,production,1.0
358.0,50.04224443901879,22.512430756185772,75.76106414022078,43.289576582276474,69.60109150019605,113.68554133808911,94.6469143332968,14.18690374074119,production,1.0
359.0,50.04966681022248,21.436766790086885,74.69924709954735,45.67765216717938,69.7696146904597,110.47134412175848,95.45633602357132,14.074837713406584,production,1.0
360.0,49.931239879997364,21.636954244318215,75.14640075664784,49.79730758708128,71.2894333719318,112.21584292714505,94.87523606980025,13.927302281055683,production,1.0
361.0,50.099924073513584,22.100760781973783,74.4246001804361,53.18568011719077,74.9176487189322,111.05896375872474,94.60357417459537,13.561284347866081,production,1.0
362.0,50.04734307939978,21.499015237417854,75.91592381421104,55.248856968064004,74.3440746582397,111.15791669065581,94.17048749921551,14.202893497386803,production,1.0
363.0,49.981039946899344,21.9324447096712,74.25124340382955,55.02977706895308,73.44262923947407,112.53850260500599,95.67452244698761,13.924904587168447,production,1.0
364.0,49.95906700742393,21.890382078998126,74.66390520911351,51.74067217487743,72.44340006832127,110.6862908542462,95.46798055213621,14.048358488783531,production,1.0
365.0,49.95154937846209,21.896576104312565,75.81915401516531,47.456181201433196,70.14722392477258,112.37741811071345,94.95220993412127,14.348033791954874,production,1.0
366.0,50.00616892187881,21.933506120263146,76.45201850265452,44.077819068586145,69.92927034114182,112.3730934415029,95.18678137512484,14.255152117027205,production,1.0
367.0,49.96759918529052,21.42442201655306,74.89612528101928,43.67252502912931,68.55955702817913,113.29965983346762,94.91375930074017,14.057163044828165,production,1.0
368.0,49.961756301735676,21.76624750717383,74.69565428559889,46.05631084902997,70.3275106815822,111.48493377741293,95.33135161000362,13.731051244138655,production,1.0
369.0,50.04056272024708,22.498113345193016,73.4329535612292,50.05644364132639,73.01631456731155,113.1303641508725,95.12180344198357,13.745393812414484,production,1.0
370.0,50.01822836719132,22.448146267295478,75.95654661571663,53.43519074431149,73.56892852794154,113.92538445969423,94.73139296002581,13.61021729675663,production,1.0
371.0,49.98027143707881,21.748519457277258,75.10823270477938,57.09202524463859,75.05873303564644,113.7506655312722,94.63883430115908,13.833544810411029,production,1.0
372.0,50.036712379809266,22.4130526496189,73.7860127370845,56.0321983360288,75.79709169953522,112.53604680692143,94.30683795350272,14.533428349819498,production,1.0
373.0,50.068368931315284,21.6014132799725,75.43225156507181,51.07968883098364,72.90106785395383,112.35787414428616,94.76303031892752,13.971277723943913,production,1.0
374.0,49.94527518436852,21.430042733456446,75.27083329449948,48.446500156384566,71.14241293253974,115.22435500342289,95.50299966121162,13.990619939740538,production,1.0
375.0,49.969835405792885,21.166989512807213,74.68293927233074,44.17617562863663,69.46201640113468,114.46976924300498,94.0371159345787,14.020488459294059,production,1.0
376.0,50.04713109201099,21.52696608323174,74.55395969788451,43.44184322702891,68.48128237155854,110.85738229753336,95.14935785471194,14.172985059239892,production,1.0
377.0,50.03594702829075,22.15438918065242,75.31982766599816,46.550956676941105,69.6825441109026,112.87183578572657,95.1407919236827,14.357174231710733,production,1.0
378.0,50.0113349428219,21.83849393486805,75.0152196282565,49.957825413456824,72.67453253558934,112.47205593441191,94.60208764568378,13.93730512992853,production,1.0
379.0,50.058121059377925,22.631644128042677,75.16006210053403,52.73323768755459,74.65471098523635,111.8226447844209,94.11355050579535,14.24175668180133,production,1.0
380.0,49.94558941354404,22.301044917680382,75.59697829743237,55.65370121423316,74.40400334277287,111.90613767347949,94.59368145512025,14.93123243429029,production,1.0
381.0,49.92604310831145,21.82186700329562,75.57012555165383,53.513746891160075,75.83146173528169,112.29376529416734,94.59110848706302,13.245478066891062,production,1.0
382.0,49.956674632136156,21.872525980892707,75.30366066698227,50.88198408764991,74.09670293295852,112.81953578019304,95.16893132784747,13.908433559943498,production,1.0
383.0,50.0061272047768,21.873761709759197,75.19167647491811,47.457048173340354,70.78292748655295,111.94353513891444,95.1312044338898,13.978171205980082,production,1.0
384.0,49.960195661245244,22.35806002246606,74.06675981307819,43.902292048204785,68.4163922440608,112.0750937521633,94.73568286022096,14.010282629980388,production,1.0
385.0,49.97563909217877,21.803036139108244,74.15757280863775,44.578463330054866,68.56490619420141,113.32426499467022,95.16314055399542,14.05889829404458,production,1.0
386.0,49.951249994044986,21.949208935466018,75.31115278732736,45.71322412046282,69.9521559843499,112.02134260516266,94.45600532729537,13.802976691876223,production,1.0
387.0,49.96897854277025,21.659133207037964,75.20156537598356,50.1808734063439,71.88298606564646,112.28051439588624,94.87990589976978,14.943510276601524,production,1.0
388.0,49.94976063905035,22.47111731965986,75.1173715280814,53.535696308424434,75.03957336177243,112.80120108293585,95.41292928993275,13.909368468297098,production,1.0
389.0,50.01837331028728,21.810279902384693,75.30390431064917,55.72749195094984,74.34352375710957,113.559306892783,94.68979333695319,14.067566541468505,production,1.0
390.0,50.03974455339916,21.68951755491941,74.46054275589202,54.941319386913236,74.63515072554546,113.05833864287645,94.80678508008633,13.933562353830052,production,1.0
391.0,49.97597770302409,21.338496025064618,75.12516335847162,52.539140861533156,72.91284855899752,112.02507654166706,94.16423946867414,14.160100999640504,production,1.0
392.0,49.98963671022646,22.331371516439475,74.18616150804856,48.22793303415031,71.4479795916052,111.80835877546407,94.74061269066384,14.159305983955152,production,1.0
393.0,49.970948371374405,21.706515955802043,74.81021580833432,43.45612368742185,69.06930781556986,110.07725115505202,95.07102882446289,14.092925220677246,production,1.0
394.0,50.02656256078181,21.913370362240958,75.3236982061784,43.44362029900441,68.8656676610187,111.88268032536789,94.58726717506003,14.424403245663584,production,1.0
395.0,50.004452801936964,21.775680152224712,74.35331667966793,46.227424308138865,69.88772062483002,110.27426700885817,95.54940616143041,13.957997348790798,production,1.0
396.0,50.07970784501691,21.863589285560792,75.924531164598,48.48856192835864,71.55011912587206,110.27672547918118,95.14137688560969,14.3029711214955,production,1.0
397.0,49.945226398168124,21.143519826321693,75.42660397120991,54.317151959537235,74.28583250641961,112.27292326271473,94.84917667534867,13.558317213896563,production,1.0
398.0,50.01812512495955,21.62105470020711,75.56280976908624,55.62983102687322,75.22089213716163,111.35839833257764,95.27939964271442,14.305759259241565,production,1.0
399.0,50.022199569982334,21.499794051729896,74.60626067186833,54.19073874935023,74.07901767348763,112.03256042046121,95.41613828677242,14.162109571018531,production,1.0
400.0,49.98197799145046,22.802954123416292,73.89301422284501,50.246243090764104,73.40731882916255,110.70041202982533,95.41925982549982,14.173164528450236,production,1.0
401.0,50.029176706369135,22.468704895526972,74.3006801965574,47.61003106881476,71.25938211378455,112.88111299895625,94.2970590808773,14.042131921049357,production,1.0
402.0,49.92807386755048,22.10355711963859,75.04430582335075,45.115294032659534,69.29172040985924,111.599137896795,94.43741177260743,13.902071006520714,production,1.0
403.0,50.105940151536466,22.921405258997247,74.53939719859267,43.83423417921417,69.716402043562,112.83887202968147,94.79276854557517,13.296673786832194,production,1.0
404.0,49.932897777335675,22.436007624902576,75.1331338262825,45.95172392877211,70.86374212649896,112.20875803875273,94.40953532799453,13.830029687045107,production,1.0
405.0,50.04599036302825,21.385573944276217,74.78412620453497,49.681293399982074,71.4990350536038,111.58600535453425,95.75540899093797,13.924613005379735,production,1.0
406.0,49.94394386605304,21.40776388922679,74.3335628452878,53.05395555504971,73.59215022396509,110.8005973010843,93.8272234906733,13.7695351622118,production,1.0
407.0,50.057544151561586,22.027396178835076,75.2415299182955,55.517424918955854,74.95865440966661,111.39981058289824,94.86218751984882,14.12482366421664,production,1.0
408.0,49.98076129866955,21.89090286408347,75.48565750550205,54.4337058768985,75.62957680898711,112.34283395366268,94.02143486139077,13.88874401513715,production,1.0
409.0,50.00792114535811,22.001652274926748,74.22895587847269,51.29156713917708,73.2831544167344,112.17368009273476,94.21111909856894,14.161525401432316,production,1.0
410.0,50.002667187785335,21.585503882990736,74.96904996381996,46.66937930719479,70.90447556254372,109.88910919821039,95.3937778895408,13.822522642478742,production,1.0
411.0,50.05503670475124,22.652099461390904,74.74954763004571,44.198158052028845,70.65873946348675,112.54200070840186,94.68380028229527,14.13792367064801,production,1.0
412.0,49.98392262749285,21.77188037989595,74.81783087833554,43.26014222721488,68.80718707303998,111.04191663536734,94.79765316683313,14.025762160560058,production,1.0
413.0,49.851640814500804,22.35885257661076,74.58057727017486,45.77625948847687,70.6851779997878,112.26439996422896,94.969117077779,13.952055979621827,production,1.0
414.0,49.96199706049678,22.492958527916795,73.88519874169036,49.09270825994783,71.43786037880007,110.43662928672406,94.49197907816504,13.663747503533527,production,1.0
415.0,50.00918561615445,21.673556118577956,75.47631536394367,52.53201112709244,73.989269167551,112.02662856401183,95.02007715275442,14.39017829591652,production,1.0
416.0,49.97797658975649,22.136658137423,73.99826762952328,54.600034955536366,75.33272392831141,110.29293524015112,95.02234525222096,13.887830814444385,production,1.0
417.0,50.03849104256604,22.54175961278218,74.09589718890143,54.47092466397384,74.10740795225819,111.3917741815757,94.7187502719902,13.630952692026831,production,1.0
418.0,50.05076634979872,22.48633621398881,75.00591465925707,51.64669101654563,72.51779935040193,110.86666883954229,94.52922982385387,14.401475802024404,production,1.0
419.0,49.99261140950501,22.202222838994707,74.71398603182237,47.13354989534628,70.78196454351652,110.86943522360316,94.81196719323692,13.7462993985448,production,1.0
420.0,49.92551773028087,22.075882137781623,74.12237777483352,44.27725035735998,70.15370779659632,110.52009530769091,95.17929551739348,13.732919882707877,production,1.0
421.0,50.06920825550029,21.93003250687312,74.19944088374301,42.67238883298733,67.95534610394675,111.00364370376226,94.6181366246005,14.048462133997866,production,1.0
422.0,50.05415267500534,22.404499149290892,74.4927510455697,45.8009928851703,69.42398719077192,109.08717745194294,94.65138745003267,13.57020347853228,production,1.0
423.0,49.98504044328665,22.12872453632797,74.32035184024585,49.301761599613876,72.61638021437223,112.21592192853619,94.02299270485031,13.800770262027246,production,1.0
424.0,50.10541442056964,21.943732656202776,74.9639803830434,52.9997082664606,72.64168376015111,112.30615308173293,95.12098649794734,13.459850645258463,production,1.0
425.0,49.982556226995364,21.703457274524883,73.87162884236854,55.21957368089333,75.95035102764854,110.6089919792287,94.36558345276535,13.430268749985963,production,1.0
426.0,49.94314401397908,21.35000934936861,74.78228117947823,54.54244062073709,74.44386625642733,109.47287199288643,95.1377544871609,13.99628958931485,production,1.0
427.0,49.99220632831245,21.820203128537354,75.47677130247914,51.19024481812221,74.06307333534717,110.34084969971637,94.93212244374276,13.936838006604203,production,1.0
428.0,50.05389168577529,22.633944369945645,74.67346299276177,47.81426359075749,70.42947000064923,112.24242855008426,95.30135245411267,14.376233688656853,production,1.0
429.0,49.95312732787288,21.693273926904137,74.01389896557043,43.39745498879405,69.88294921854387,111.8443749489784,94.87459404379385,14.541312159392822,production,1.0
430.0,50.09756125388717,21.628795584699635,74.10731576185412,43.349400721498625,68.52704820188504,110.7218534287358,94.21497240726565,14.08200171609779,production,1.0
431.0,49.9551736892714,21.7875945753192,74.56163632107443,46.095930404627715,70.25735257288638,112.1476050070312,95.82617545032778,14.123513341390177,production,1.0
432.0,50.047721113819065,21.79729543788761,74.15524334583624,49.41124460492536,71.33710031858818,109.80976668873302,95.27042819282202,13.643503842655107,production,1.0
433.0,50.02722311871016,21.657365454288332,75.26490313380084,52.96188154183753,73.37851060627314,110.31311994388865,94.65358632918192,13.863597616907269,production,1.0
434.0,49.99229714702086,22.13693204203289,73.41431776300062,55.51257192590048,73.88494299911987,111.60662465897691,94.30874940789926,14.029541865096878,production,1.0
435.0,50.05402664893589,22.00856500659198,75.49636854760726,55.41114732363818,72.78837735409599,110.9108857179407,94.10905254424675,14.294736800249098,production,1.0
436.0,49.92501006055659,22.35001603657247,73.29247693162677,50.73363571611987,72.82326954662997,110.30787080049271,95.4101214008733,14.183209316722678,production,1.0
437.0,50.06787858934666,22.116101220873848,74.47738296671994,46.97727326489888,71.9907116673611,107.98942330476612,94.5144859886083,13.949326873297828,production,1.0
438.0,49.99681579855149,21.948729669896327,73.84676036444161,44.336732011839835,69.20608160698507,111.79854697585468,94.79325118386114,13.94388014164915,production,1.0
439.0,49.972878237506826,21.031557850975336,74.98324736704264,43.84577151675253,68.6907310478395,111.37074102363235,95.0487512985666,13.754234280464077,production,1.0
440.0,50.037458702402006,21.950301409589247,74.02134970630449,44.60467734061099,70.05333628932075,108.88003303023983,94.77528244443822,13.576635138117961,production,1.0
441.0,50.05299495067996,21.608858485308346,73.80060085265116,50.253090918895786,71.5660865161077,111.68127394600194,94.88248466345888,13.727913871869076,production,1.0
442.0,50.03848977153118,22.2998793373567,74.27113778751817,53.632490137255154,73.51299948440663,110.9330690431049,94.54756478070414,13.98025766852003,production,1.0
443.0,50.09997519105225,21.89685195847431,74.22329873916914,56.45942653585561,74.1246753946663,111.274409655704,94.96902405871353,14.066454861673702,production,1.0
444.0,50.054036303802505,21.56112674550128,73.30367743554167,54.74601309695105,74.04724866595416,112.06362287771702,95.11769097214095,13.93416653787284,production,1.0
445.0,50.06417533162102,21.647585724876336,74.7322375201725,50.95584293756627,73.47580134668247,110.03119150187575,94.55152380686008,14.086678792890142,production,1.0
446.0,49.973006803141175,21.38300551762696,73.01882601714325,46.51422644620627,70.43939273532418,111.76507968098696,94.76913672873249,14.54240642594483,production,1.0
447.0,50.005326188853104,21.643310232749386,75.15511872678718,44.02571523396359,69.49520696073384,111.71925766127013,94.42214251726253,14.064700004962713,production,1.0
448.0,50.02814912911628,21.98714305513567,74.24623437869079,42.92704992211746,68.80410364968522,111.80236549437782,94.72388345277794,13.908013950726547,production,1.0
449.0,49.99911288816484,22.331347574002756,75.0110766561487,44.763938494452695,69.63429697708091,112.84169211108765,95.25817570959408,13.966613179844025,production,1.0
450.0,50.015081761658664,22.066521026217128,74.07397966397795,49.015782808198956,72.1522388376213,111.65911096140717,94.7713097155403,13.395344550415391,production,1.0
451.0,50.02130523830673,22.181228234940054,73.95353540059072,52.95366049283851,74.242816637791,110.18493002894628,94.39670313714551,14.167039364387946,production,1.0
452.0,50.042212195884076,22.21257418148202,74.81557704459254,55.476457776313794,74.32163338939478,113.00711762362441,94.54411559484633,14.068844550199358,production,1.0
453.0,49.9949195554615,21.725474515830026,74.06921664864642,55.61517569412098,74.55846450385337,109.5106259516546,94.03586925645574,14.073240825223976,production,1.0
454.0,49.982510039230405,22.43498760492335,73.4863533901044,52.072949822320666,73.32524594985759,110.27456576417971,94.43331087252116,13.733058371351193,production,1.0
455.0,49.958584217489175,21.311861820794082,74.35793200514838,47.195371173711195,70.55649593056464,109.66299260789853,95.20521095067618,13.75764058900761,production,1.0
456.0,49.955413383692886,21.9007240089932,73.57924237618693,44.467282828610436,69.22282743209738,110.68765531978595,95.33996797250369,13.576698507854148,production,1.0
457.0,50.058622561367315,21.639906749590445,74.39309109006913,43.41771956573674,69.05858078854894,112.10033398659002,93.68706356610822,14.012571101768224,production,1.0
458.0,49.99577392559988,21.06287990819586,75.22359603659037,45.488878628948356,70.22876563690642,112.34980781985227,94.91294643727561,14.85261593092193,production,1.0
459.0,50.03934721905453,22.511516671985557,74.96927625278147,49.65019693180372,71.25718845101645,111.33957135400463,94.65620169645736,14.133697241159876,production,1.0
460.0,49.935131807682865,21.047714532528456,74.38827548419049,53.00750777029527,73.4231592463043,110.04305961471213,93.6990541676729,14.612374636703992,production,1.0
461.0,49.90309159460804,22.121415181348567,74.28326909654862,55.92457030307143,75.01265569623821,110.10105594879902,94.75258418383761,13.758657446185758,production,1.0
462.0,49.94754543845,22.561840825060308,74.18821199303815,54.777227754224924,73.94613548895178,110.03273109767976,94.72850454607851,14.045006982219062,production,1.0
463.0,50.05733134837548,21.76222900209004,73.99138623705497,51.01838893175283,72.96326037273239,111.89123576782457,94.85828615745928,14.30739747522283,production,1.0
464.0,50.05340387199162,21.79624918805251,74.58263572680818,46.350470556773445,70.69544625357918,109.65133560349688,93.90157108271028,14.362115716474502,production,1.0
465.0,50.0166019303926,21.081816080992287,74.27058627012381,44.348617625456015,68.91098908045142,111.76806618602863,94.28591720195811,13.470941964830441,production,1.0
466.0,49.959891492492005,21.74035009780824,74.1320721007857,43.995802970611535,68.99374637571908,110.68307029797522,94.73994157396255,13.855434516518459,production,1.0
467.0,49.99345986792171,22.41959596474014,74.51894315529863,44.9585796600591,70.74828237227881,110.92029030995477,93.71944196430574,14.293844789609267,production,1.0
468.0,49.98511197601005,21.62934882241829,73.14176036561547,49.11324697876552,71.57613672845581,112.5196348696809,95.26174058206688,14.493735580954992,production,1.0
469.0,49.98275133269524,21.447417308233884,75.52259569323407,54.27710069554739,73.3717369675489,110.12701435376111,94.69189665042218,13.79331657246356,production,1.0
470.0,49.87469650813422,20.90986960715862,74.72275867007673,55.52639976592945,74.92652929264557,112.68343104451449,94.27662040852817,13.758731714745899,production,1.0
471.0,49.95710368070189,22.349446199051034,73.50444105632096,54.07898121920152,73.57275253110616,108.99005490695637,95.1803304489507,13.569351436747233,production,1.0
472.0,49.990494556215886,21.998907845904665,74.4057978487138,52.44893461351236,72.43333119729975,109.68382345118812,95.10836047146705,13.951589480754107,production,1.0
473.0,50.075821389490606,21.712415012799948,73.65544025304268,46.816770788164106,69.76100992290229,108.77171300097056,94.3128599172724,13.775947502004932,production,1.0
474.0,50.00803715295659,22.249379431904927,74.00550254133235,43.40367772461262,68.05817476872602,109.76198883042746,94.03333322838155,14.510503124203652,production,1.0
475.0,50.07004441431314,21.619049160959545,73.78822118930108,43.5355197725795,69.18151791575536,111.35003220335345,94.88749717631161,14.422638404042756,production,1.0
476.0,49.98031465456203,21.69678296455018,74.97667802397922,44.948231326609545,70.5269494011686,111.52839792410609,95.85648820211689,14.056782230539673,production,1.0
477.0,49.98736557093761,22.67908032646237,73.16544778823192,48.558040050793416,72.94249425768774,111.00390610120225,94.61560828133781,14.402886424441146,production,1.0
478.0,49.80502891349728,21.47006026969179,74.10163011758868,53.6817616817383,73.72669048004825,110.94904267287504,94.3095881294017,14.22498115220446,production,1.0
479.0,50.02316651696035,21.94380711817626,73.32125889337873,54.71238025036285,75.24910276673538,109.2134009712446,93.92973644895481,14.01551536536874,production,1.0
480.0,50.02735478306697,21.91620431488906,74.2949099041909,54.495017574692554,74.12345643578229,109.02216115443336,94.87453031851591,14.2187708959233,production,1.0
481.0,50.08818795347797,21.86490567720268,74.11309063239138,50.84426248846632,72.48250869192069,110.97209889548056,93.84758912902235,14.221695525940618,production,1.0
482.0,49.97566193946036,21.82758555876207,73.45627228374995,47.360451563038296,71.38279084111883,112.21797684134417,94.79243941180039,14.00750167567371,production,1.0
483.0,50.00470770780985,21.301572295640636,75.16078695873458,43.41267303553893,69.06683760548627,110.15693090730319,94.73392812085531,13.811485728941108,production,1.0
484.0,49.964723602263945,21.768410115737215,75.23170767612758,42.679174509717626,69.14713100403829,109.06501231151735,94.59660699575277,13.93309395369044,production,1.0
485.0,49.94118714675398,21.725609447639275,73.95188183191014,46.03011956535035,69.92122138080217,108.74084609361505,94.3416091762326,14.06422278601128,production,1.0
486.0,49.96434460166315,21.554228918435324,74.60035169588876,49.53889130620659,71.19022050580271,109.75760750376189,95.51002729372297,14.403181359250194,production,1.0
487.0,49.982750073795714,21.487597140149745,74.1947685035205,53.767484689712006,73.31412325427989,112.46355760803965,94.50304049319323,13.811647876480643,production,1.0
488.0,50.06777190143349,21.419552287021194,74.42702918772123,55.14545486385056,74.16408160594025,110.31264208088244,95.38292832087949,13.95241013087518,production,1.0
489.0,50.00011058012867,21.495712190037384,75.19721035098216,54.11916539767425,73.93346657613716,109.31033149617248,94.77063873047364,14.359052591278795,production,1.0
490.0,49.960472759516605,21.982376829009482,74.11376940209719,51.21196272185863,73.35243135924273,109.81854252774404,95.14371465052135,13.849717078098836,production,1.0
491.0,50.00709389141209,21.832590243037505,75.34733147343941,46.927512583053705,70.70279175529743,109.96380800103374,94.2279869985965,14.283511355764226,production,1.0
492.0,50.010878567778,22.479489905667485,74.09624672182764,44.39049103918362,70.14123114938708,110.85706336603788,94.7134573979565,13.691515007996777,production,1.0
493.0,49.96618839720125,22.057921141398005,74.21021957988586,43.20560352677436,69.1470061397541,109.74068413669318,94.48142160318476,13.89600819081506,production,1.0
494.0,50.05716168133148,21.57787560947101,75.39718657976817,45.36133367108888,69.71089552268491,109.45926474487068,94.35103970313747,13.927725057985885,production,1.0
495.0,49.90558255545117,21.599577835907205,74.42602669238433,50.58314291687133,71.31585209087393,110.29617236653037,93.84444281796135,14.432305075032744,production,1.0
496.0,49.98932276859585,21.745374503643074,73.03908793612213,53.217458153424104,72.65739355669763,111.0789102222086,94.50377648704561,14.026720116485526,production,1.0
497.0,50.03325330328146,21.673908035167003,74.39054767055698,54.771077015703014,75.5425624019177,111.37178441274338,95.55853576455787,13.624384069630024,production,1.0
498.0,49.93307837402616,21.814761529426764,73.48402372091287,55.36827469754516,75.29745405501274,111.16690973712511,95.34940673977268,13.624217375042768,production,1.0
499.0,50.01806268743217,22.58914421830169,73.25310051228342,50.729714326207805,72.68123254013643,109.9523281815978,94.37507735157699,14.590295990110738,production,1.0
500.0,50.06464465250969,21.75126998578573,73.68266018524395,46.399868086903254,71.66944679314373,108.46239938511039,95.41310942774986,14.161888703173148,production,1.0
501.0,50.02268356321285,21.864270497718003,74.44153503559991,44.84016830649497,69.11656263068357,109.53355424280012,94.53216755256433,13.863970418745595,production,1.0
502.0,49.91549200285115,21.334241554429326,73.5755645480733,43.638860287272955,68.91403425579301,110.82806795097235,94.03564527164394,14.251884834723713,production,1.0
503.0,49.963590248628236,21.210116625698454,73.40058597053533,44.67136713310608,70.44414953474798,108.88231980905817,94.40595788596207,13.796492077246917,production,1.0
504.0,50.061615170125215,21.755532057331312,74.01129786766717,49.36783656825668,71.88560650676334,110.78145264150713,94.68880166117545,14.114738040369003,production,1.0
505.0,50.014916762253264,21.642342271346042,74.4797928283623,53.730647809129096,73.43240675061661,109.76608173979002,94.8128936395209,13.809995589922124,production,1.0
506.0,49.999507053075504,21.88942073634424,73.81712922480284,54.62249222949599,74.51635461207087,109.77131564625545,94.53095047377766,14.038844926316946,production,1.0
507.0,50.022060029735776,22.351031259739273,73.4490823809281,54.77586839513924,73.54789781688807,111.80929683383752,94.44353436177876,13.644051677996654,production,1.0
508.0,50.036052447500296,21.603561875276753,72.92737507484203,52.583373514014745,72.85163971609526,110.72446044235298,94.73957380848039,14.115861459277252,production,1.0
509.0,49.9645767381701,21.53343854906261,73.7633741446801,47.40035295570896,70.97219871472636,112.10249868225799,94.49115098874333,14.315466708401491,production,1.0
510.0,49.98547999599635,22.19821409971495,74.73384440396221,43.069424570545316,69.86597258223499,109.32741509238222,93.91853965047329,13.94570019911184,production,1.0
511.0,50.00714568248334,21.632098707057125,74.82673602038923,43.37321135249697,69.41276730339155,111.80785320595204,94.35796085924267,14.177163643352657,production,1.0
512.0,49.97280211391063,21.828946844670703,74.69765028990251,45.434905437731075,69.57805811100442,111.53842333024895,94.42485940459886,13.77184855038419,production,1.0
513.0,49.993327422073136,21.76325421231199,74.11692931835377,48.46833819589178,71.96877995619568,106.85020479152605,94.19606002727966,13.92286035284323,production,1.0
514.0,50.0648935880591,22.556799930189076,74.29811477840398,53.98368974700161,73.93777287476684,110.33508304222016,94.64366187724666,14.059476977832523,production,1.0
515.0,49.951609006765395,21.131486314231328,74.97958526162783,55.558598880681764,75.92295803700024,112.28859567931642,94.49133928263825,14.250456879720089,production,1.0
516.0,50.09633313545676,21.476008185948835,73.69627546309474,54.62258987324273,75.07711159481015,111.36863269622751,94.09618021150239,14.020597092402104,production,1.0
517.0,50.093967218869096,22.064332098766865,74.43450558194623,51.5183935025048,72.7541238337932,109.90253508472513,95.05891975053227,13.850777059752106,production,1.0
518.0,49.914328028101785,22.267713001680967,73.09216041562186,47.25056407769489,71.41518466121774,110.15004803767755,94.22281831581834,13.65588796816809,production,1.0
519.0,49.99294886674435,21.391721609690176,74.62277467121852,42.87020678002026,68.86440444441999,108.86313361041303,94.53659419705629,13.958691551353388,production,1.0
520.0,50.017134578482285,22.274574841274738,73.94152797434462,43.73266048440195,68.33727354549059,110.67185858325274,94.35466007117864,13.651866084560053,production,1.0
521.0,49.96195644562468,21.614328614181364,73.5175926577561,45.36062674849544,69.84391291646025,108.27013654006988,94.0413502206306,14.24100798476643,production,1.0
522.0,49.96294597481576,21.511957771837665,74.67354969648413,49.27767362709721,72.0542455106524,109.2013305622644,94.68765493423042,13.464630239333935,production,1.0
523.0,49.98812921516327,21.550146809342095,73.54204633801149,53.69086604719473,74.531734378979,111.7605718511795,94.53050355457434,14.069027384022952,production,1.0
524.0,50.03695890435558,21.943478533466752,73.68741653813711,55.72798533879317,74.77605812111273,110.3908930373631,94.77353650852015,13.925573087296467,production,1.0
525.0,49.974433308052646,21.995553536629156,75.1289351638124,55.08936045208659,74.43066708219699,109.9775769631462,95.36359622700753,13.912774452428513,production,1.0
526.0,50.09133469058101,21.451578954900185,73.57834802807717,50.49661461003729,73.28963141563574,110.28483280971216,94.44268054371791,13.991532611709413,production,1.0
527.0,50.014498700116924,21.883671160005193,73.81153949941847,47.32513084853097,71.10050418693498,113.70055784590211,94.30478087395286,14.190551795011588,production,1.0
528.0,49.994871235795834,21.648258979882797,73.79442978729747,43.74315273773017,70.33323047194091,111.65099055632058,92.97247879709225,14.092891107229292,production,1.0
529.0,50.072462984256575,21.3238098096456,74.67456361270203,42.98515378036956,67.90171539144328,109.47659643309777,94.67173713886079,13.597162215260237,production,1.0
530.0,50.031314059753015,22.47747560007669,73.10149722313513,45.88848751133942,69.35252492191917,112.40618818364163,94.07444983547705,14.31582551459446,production,1.0
531.0,50.018464338784376,21.41360887271862,74.95270354280619,48.35203656378784,71.66435935348949,110.29837834053673,94.0312714426251,13.692169648957861,production,1.0
532.0,49.983442980861525,21.84150338880203,74.05593644137394,53.58496078619701,74.52232944746646,111.29155783961744,94.11865668129522,13.929188882200034,production,1.0
533.0,50.090699280694636,21.33442759152713,74.01137234838015,54.30662109575636,74.66921021157866,109.69902777920504,94.6303404485282,14.173176491065544,production,1.0
534.0,50.040591079487,21.62771656984398,73.66308752205205,53.79087409247703,73.51290166205796,109.27676555841107,94.26655317153649,13.96367450607457,production,1.0
535.0,49.989829433202765,21.8365391320386,74.11349062613404,50.84680930291308,73.42838690565159,111.36381803897595,94.274847073956,13.725361943634796,production,1.0
536.0,49.921140042465865,21.86468003238835,75.08272345188158,46.82304459447536,70.04711912767276,109.47831057752968,94.24722475632875,13.777930684669846,production,1.0
537.0,50.018647577088096,21.390565893385908,74.32798557188741,44.08385831847747,69.91807017136321,109.46296654144132,94.38660966956286,13.85543648718831,production,1.0
538.0,49.942812995394924,21.7520812314002,73.64059772875419,42.48400000471005,69.5361182478739,111.47764484674083,94.24136872450632,14.437272976536597,production,1.0
539.0,49.914202702412084,21.93998603904465,73.99161736395882,45.974837079608925,70.67541431154991,109.0055780874638,94.04103992077282,13.598688904979195,production,1.0
540.0,49.98604242472661,22.393671099059087,74.52067183994772,48.52189510355444,72.42208565278564,108.6968975979027,93.86491338929041,14.314745374120223,production,1.0
541.0,50.01407355512953,22.11926854439609,74.25122550486114,54.29677010435863,74.49094518272405,111.05412619871733,94.87154959967563,13.600260115682236,production,1.0
542.0,50.06412406168416,22.229183275484317,74.04573548894865,54.04660139087093,74.98863670255406,108.0483857381184,94.64348137723692,13.841435563351451,production,1.0
543.0,50.01412259126426,22.053278228459302,74.56301788790667,54.75274947878435,74.16216010371643,109.49847749203755,94.38183449832574,14.146604744344655,production,1.0
544.0,50.04030097635854,21.533275996815867,74.41713934945125,51.53122050358156,72.76161641975959,109.96219934236882,94.07016276865559,13.764410447811306,production,1.0
545.0,49.93870586473884,21.66884340989186,73.55413181387348,46.84946211463994,70.66111956804484,108.78715445754457,95.26005835221002,13.971205484489312,production,1.0
546.0,49.99887339112662,22.162886262350494,73.05214656082337,43.147108593009406,69.22676181682286,109.0613241187062,94.19895863756282,13.909843921097098,production,1.0
547.0,50.006210565965226,21.525402591563406,74.5017850832009,43.23731838792316,68.64320431772606,111.20203183664695,94.73656086811899,13.712491850568027,production,1.0
548.0,50.043112309231,21.351947233341622,75.31641523258892,46.10130543240673,69.50876810201896,110.75484119893075,93.80098563280983,14.49305322085979,production,1.0
549.0,50.00580303367155,21.7831055602022,73.71002729645383,49.5195902658271,72.57898792563397,109.27007850406657,94.94173611656528,13.9477533682977,production,1.0
550.0,50.040203947905994,21.073562914961098,74.11843721117297,53.6430564166907,73.12993669137677,111.04147116229532,94.75080957130359,14.461487436954677,production,1.0
551.0,49.97479003761114,21.487952286347305,75.0161318708094,56.1895805622977,75.62540557757202,112.23050021182532,93.96392134099636,13.363079719165489,production,1.0
552.0,50.017897745310655,21.34527627145087,75.24816286296851,54.469982452763865,75.50671129250864,108.86986359549003,94.44487472261017,14.324599860323003,production,1.0
553.0,50.02074332006272,21.636287077929822,74.24428404806467,51.29375775002145,72.26439465034889,110.48379198472794,93.89063566200929,13.99436093355965,production,1.0
554.0,49.93751121377067,22.326427556394595,74.95579824312593,48.00192487823321,71.88682845622768,112.78390777441317,94.24542273829609,13.960549915879255,production,1.0
555.0,50.00877693142838,22.72938500265955,74.65722449332938,44.52459237904568,69.24822676398355,111.14708008866,93.7639621491803,14.334826410634824,production,1.0
556.0,49.98398187365243,22.039166711652285,73.87429610678551,44.188757216609794,69.8644139948303,111.39163323893432,94.50106168575154,14.273094574263665,production,1.0
557.0,49.9047956025692,21.4179451020678,72.99750033855815,45.60872334568548,69.55243878354861,110.17739141402075,94.91373993954775,14.373351977980821,production,1.0
558.0,50.04792033400707,22.09490257501323,73.66419279056568,49.42502597421447,72.52363834099911,109.46214214768264,94.08144775902745,14.24794711462504,production,1.0
559.0,49.981907065984785,21.97093962674669,74.43250911761366,53.832011434844674,73.49552442051687,111.79398907139327,94.21361791397807,13.924772939353755,production,1.0
560.0,49.95738049709371,21.5620911849909,74.4637066981168,55.29029700948948,74.09050646708538,111.2087775281749,94.56549669224576,13.866065400310355,production,1.0
561.0,49.98113416281531,22.155779861766863,73.91204934292222,53.90875143713846,75.49645581640897,110.36496432561543,93.51934537898407,13.844554454963914,production,1.0
562.0,50.006910015157416,21.610249071781475,73.70007827760855,51.21528703467262,72.3132623001173,109.87099363669574,94.47289739815899,13.650583658466504,production,1.0
563.0,50.07539547421736,21.572237192106225,73.25587709227291,46.947833457340394,69.844980084849,108.33485019850373,94.17494513753155,14.302920737822118,production,1.0
564.0,49.99170333984969,21.827318844293647,73.20928171298708,44.66098815007906,69.2851234586579,110.62205131376872,94.42729601590942,14.24007486790651,production,1.0
565.0,50.02362037484792,22.07892577014135,74.14569112225107,43.558934644860415,68.61812492644113,109.60787107113161,93.04767358754114,14.098022956684547,production,1.0
566.0,50.068678968844885,21.657798773921048,73.27566359413393,45.13548569734845,70.61456498579675,110.28278277428636,93.87718929202484,13.877697508215075,production,1.0
567.0,50.02667752656369,21.947614121433297,74.21304046984463,49.50303576103813,71.40590935648952,111.24937858846782,94.24894211213535,13.762332399960945,production,1.0
568.0,50.05342820787094,21.07417179130628,73.74497489583268,53.122382318531464,73.60999967659478,111.43153008480273,94.79643785992029,13.87784284749789,production,1.0
569.0,49.976174507052455,21.923282054334578,73.96978316209128,55.058986966081825,75.36055847463034,111.31376493825013,93.75474335995506,13.933143023492574,production,1.0
570.0,50.0385524663237,21.615438702171907,75.50247995539162,55.27736407223274,74.28263903584116,113.16059587658381,93.74823274992386,14.154320658339156,production,1.0
571.0,49.997101199996514,21.598105841017023,74.25805315521123,51.008310303052625,73.63247364818675,111.85633350988239,94.25953352782119,14.19312340863409,production,1.0
572.0,50.05372056187446,20.797431761892092,74.02485889220435,47.614817665235755,71.37576620349036,109.56668747557144,94.16076698464025,13.528772572225074,production,1.0
573.0,49.949822021400394,21.228555065669546,74.12894271233755,43.75497611147969,70.34199621839258,109.48392611595403,94.54020996603533,14.025766563410617,production,1.0
574.0,49.961022112337865,21.11052058456165,73.35076186763555,43.99679249219377,70.43253478533137,113.26369325996592,94.03622780906392,14.046234966035767,production,1.0
575.0,50.06343657863527,22.051438122234373,75.04051599744196,45.095042611638306,69.40576570398177,109.67806148885134,94.45320355941634,14.091665094220833,production,1.0
576.0,49.990195801371534,21.441016117730484,74.74784463849618,48.932649313460416,71.413178029696,110.42534716288796,93.90977656444828,13.683350395919314,production,1.0
577.0,49.98205196766477,21.91966300000366,73.92214399680029,53.12822106110254,73.43804125753437,112.5765130569777,94.45076762174041,14.072031016583697,production,1.0
578.0,50.00387862096751,22.07446001195982,74.38115804088262,55.913258257515565,74.99894113095861,112.54554932843581,94.87552349545429,13.902293077933887,production,1.0
579.0,49.96552512713236,21.592905439223067,73.84294017163921,53.61124044634426,74.36524647693096,110.4262151792573,94.13227364953953,14.152426860423141,production,1.0
580.0,50.066597068426525,21.401078045219162,74.48601464111893,51.42903855170029,72.77474869035764,110.7868235045892,94.18072295892131,14.107763294893134,production,1.0
581.0,49.93754186741621,22.296869607346903,73.444878617527,46.60696792544815,69.93880980701536,108.53919333470576,95.13103503715674,14.20777108277776,production,1.0
582.0,49.99247010008198,21.918060465313907,74.41361808046146,43.662801766940824,69.92388101401313,109.41625287697796,94.00525102769912,14.445545751138175,production,1.0
583.0,50.01734763928512,21.320843088204544,75.1564278486483,44.213791568386256,67.96349737824622,110.07302093509715,93.89769053267663,14.143934021070711,production,1.0
584.0,49.99477764654667,22.006729322102554,74.5260216809324,45.06920253577536,69.60003057774303,110.50971362930675,93.62721898641232,14.172332671853782,production,1.0
585.0,49.959885622731605,21.549696554188362,73.90684274171971,48.85150452828113,72.29358881124047,110.13380817671346,94.0109234127236,14.28123359181379,production,1.0
586.0,49.95658054016237,22.001855774643566,74.83345810490019,52.38983034885379,74.17573590478058,110.70994501236697,94.37730993604825,13.75182380490058,production,1.0
587.0,50.02126972129104,22.147058090200318,75.43667773829584,54.64836105461196,74.94661261585308,113.1639456976583,94.20616404791575,13.84900480548571,production,1.0
588.0,49.94847597749167,21.490515418261108,74.70772405379262,54.439778253505644,75.07873201579183,111.09553630085067,95.52688457560875,13.991257632869319,production,1.0
589.0,50.03231213528575,22.014663912434116,74.33037139102633,51.04660059781888,72.71942464553236,110.91451059190325,94.03179638966186,13.90310752220726,production,1.0
590.0,49.923792581817736,20.61415841244749,73.79362277435946,47.57614091627416,72.01836954742696,110.55209916781106,93.97100559038543,14.482956412942025,production,1.0
591.0,49.97225084516417,22.03833416662835,74.53931519007658,44.1575595159645,69.8659182690035,110.3495744190405,94.3843652176903,14.014857495471817,production,1.0
592.0,50.00181530111849,21.036218344630537,75.43432480987659,43.14228484109044,68.6004955962383,112.04146304617304,95.0299155761311,13.633421421964613,production,1.0
593.0,49.93739240282777,22.831235065997284,73.07392441009368,45.984307913163775,70.32428781553085,109.37859130457817,94.22491449281969,13.50381729750495,production,1.0
594.0,50.03260054317633,21.96346367024092,74.87356843374744,49.813301495675596,71.71099793907793,110.42369413121935,94.53268816291353,14.797737962119134,production,1.0
595.0,49.99907305933453,21.5771788425118,74.3790664578898,52.9561044263744,73.88604462158092,109.26584998961354,94.54941877286034,13.996570692978144,production,1.0
596.0,49.94819631592052,22.276722575350785,75.2016559325658,55.60441551447015,75.55775817298334,110.69183949373378,94.24183429577343,14.300622610450548,production,1.0
597.0,49.92405558851248,21.510458523619036,74.22018530019729,55.36311955551355,73.97656483383244,110.73675300642121,94.43527949632998,14.199879069022565,production,1.0
598.0,49.92172053143137,21.872746118584477,73.00207073413787,51.704724481847045,73.83988316487563,111.70521627831265,93.87351894234855,14.532075389872137,production,1.0
599.0,50.002551697256514,21.711966226823886,75.49857787774486,47.18104645821767,70.81842356460187,112.04462483147594,93.19922029780062,13.983568156616135,production,1.0
600.0,49.94215849464668,21.82726597550584,73.61154994046176,44.27395028131284,69.99940125076867,111.41003655390509,94.24535531153195,13.2864484806265,production,1.0
601.0,49.93175601996338,21.603856295212907,74.79088880474715,43.76321947529982,69.36808445308998,112.56810448780199,94.90894758427812,13.623901864896753,production,1.0
602.0,49.98843870322539,22.00382245998917,74.23772398908575,45.86227122213037,69.79437949916976,112.53473624044399,94.4452142888031,13.937064693614616,production,1.0
603.0,50.11387502624265,21.533532037296897,74.29413609114893,49.92504634682122,71.08610722998745,111.01420616269961,93.95293406564572,13.825411409147808,production,1.0
604.0,50.01387701806167,21.87539860430769,74.40413583705559,53.37923589205268,73.10296573630274,111.09113928130013,94.33751996692014,14.185887231988634,production,1.0
605.0,50.03814594167503,22.082719101055975,73.99776720261505,54.03186962947281,74.76550047811321,108.32703565665723,95.12316001862119,13.856028468313129,production,1.0
606.0,50.01063591731343,21.594064181601563,74.44101385988546,54.15225649895471,73.84995189462376,111.04241893696039,93.99117909562756,14.565864497845897,production,1.0
607.0,50.03914910830543,22.167472702578902,74.51749635420212,50.817808047445325,72.59529533231645,110.65967282003912,94.51822140439378,13.812055782504036,production,1.0
608.0,49.932845567476754,22.028481829879535,74.81773027899143,47.12223961281545,70.49083634983171,108.64734562965174,94.5370041867075,14.122353100044599,production,1.0
609.0,49.978474401490374,21.71696544794148,74.41571195521516,43.89409638726142,68.83360604393806,110.16373485999462,94.94199275205662,13.547538411714772,production,1.0
610.0,50.0130675422805,21.63057140545988,74.53589365964798,43.74323159622804,68.76119621235321,111.83826548926412,94.17626813697649,14.300561795645406,production,1.0
611.0,49.99910415919725,21.817658931093252,75.14561829818238,44.97772386098585,70.15702783393505,109.21088597904969,95.08645128826899,13.524527515538997,production,1.0
612.0,49.9904003389944,21.657057283508482,73.81157331874097,49.17439429155563,72.6970923478507,112.25711420662174,94.27549505231639,14.032454927398256,production,1.0
613.0,49.96670619601285,21.633696326385035,74.39900084964793,53.75792519456081,74.13681421951837,111.28358820549802,94.86430958013499,13.950066730941701,production,1.0
614.0,49.98708084486479,21.78719630305081,74.64807910050567,55.37756516518745,75.18638157672639,110.44811747563207,95.03972601848366,13.614101778917751,production,1.0
615.0,49.961290108805436,21.756434116404492,74.98657916923402,54.36045905160128,74.77468238807901,110.55984191091956,95.37505671892652,13.737137811325022,production,1.0
616.0,49.87890834925701,21.885108746211106,74.3314421113597,50.68092905232818,72.7363719134149,111.7350953193287,95.40450853026098,14.12468052660486,production,1.0
617.0,49.94027457791472,22.41139316306943,74.43352280623174,46.359107757088346,70.78821412811946,109.03015381362337,94.03891401725703,13.798407977938915,production,1.0
618.0,50.02378264694372,22.20927943753212,74.1713150715574,43.8924826805803,68.50817432302047,113.20548078954518,95.2518587350316,14.171010587868286,production,1.0
619.0,50.077853897783584,22.185499077457518,75.12685394981342,43.22895409743298,68.87315612683824,109.78929723113828,93.77396701890122,13.856410174058421,production,1.0
620.0,50.090679008566184,22.053717537522367,74.19446121514468,44.84236945881367,69.600657961245,109.85598900067312,94.2743273209786,14.083644955671097,production,1.0
621.0,50.00483758718443,21.60640340563603,74.8028507874301,50.072258657537446,72.76735392731709,112.24827229166709,94.67616719830221,13.81472047617331,production,1.0
622.0,50.0446691811722,21.424793482033085,74.33510727634248,53.6890141926221,72.78764000336892,111.74052747365764,93.88551817920568,14.238420772055791,production,1.0
623.0,50.045398895535534,21.75918342997633,74.41934225161691,55.38519929729764,74.35162660916669,112.39214088151736,94.58142013841086,13.869303932690435,production,1.0
624.0,49.9653870408066,22.325834428302958,73.67164921036063,54.28020135183216,75.97224450399729,112.06614556787353,94.7998022931538,13.634555615590836,production,1.0
625.0,49.91510300847697,22.332223289010347,74.4442053778725,51.1916204073026,73.39423170984134,111.27203137566154,94.99196337568365,14.084948246897415,production,1.0
626.0,50.00154436596774,21.270520644966652,74.39712938785668,47.188141712480274,71.53343603470384,109.29817310146163,94.47407216688352,14.301343548746592,production,1.0
627.0,49.911889950137976,21.145266684624335,73.529540212042,44.05516558563225,68.75590695787064,110.27199311433394,95.18707337608551,13.797210983138863,production,1.0
628.0,49.98400351935226,22.52607613104202,73.9802639226669,43.34806979080783,68.08201091560595,111.08718355700422,94.59273130675673,13.968100005697917,production,1.0
629.0,50.03040585433947,22.427355312542048,74.15708826914376,46.055463119877246,70.2449154552223,110.8381801968009,94.99094859169068,13.892067977155598,production,1.0
630.0,49.928996525595,21.60795392120362,73.51709182192978,48.785992226290794,71.73667833629024,108.40528976528238,95.08117804103023,14.289918859129193,production,1.0
631.0,50.00161476919658,21.82893108212048,73.708974327833,53.3074762596685,74.26812804169815,112.13183160834623,95.50456456624178,13.799156025139855,production,1.0
632.0,50.06200090576545,21.881063864590082,75.3260112869623,55.83071493766329,75.97901070131861,112.96591756163136,94.53247472571175,13.752592074782282,production,1.0
633.0,50.01807562370105,22.303603051304165,73.83132688519406,54.929877146784754,75.17621466319665,112.65554691732035,94.8692097257138,13.788401507129892,production,1.0
634.0,50.026116085037486,21.66840978539025,73.94039452157494,51.7456394868725,71.8663512096549,109.68737107212775,94.54322908112873,14.241811047552028,production,1.0
635.0,50.04533702069084,22.101598019136656,73.62207116713128,47.118050686521116,70.61205186041077,111.4422158035012,94.50514427054311,13.944630242736338,production,1.0
636.0,50.08664815360656,21.975685164525167,75.20112466580048,43.3711378418267,67.71577519347848,108.37759332832391,94.1792224351178,14.26276546675866,production,1.0
637.0,50.00757115408616,21.987728507217085,75.02082885952524,44.065259796692374,69.47056474637172,112.96782969323448,95.10168220635805,13.93515036649931,production,1.0
638.0,50.06147504307166,22.29039482294978,74.66608274780666,45.200381218810605,69.45473357287894,108.62245326188062,94.13293299661593,14.003577680590828,production,1.0
639.0,49.99679153918313,21.928773893278095,74.53098598331113,49.81398326884754,71.18287336784928,111.45349363856835,94.00197912831032,13.728331095396038,production,1.0
640.0,49.97269155922832,21.358913729857974,74.19064566252457,53.7726041037601,74.18071928188282,112.36663545084926,94.53261885596173,13.964080656193595,production,1.0
641.0,50.015741048480876,22.23374622848493,74.32049192739663,55.84213171529175,74.3443519406679,112.53186092467246,94.3437429597937,13.534857804033251,production,1.0
642.0,49.969709357600415,21.67931677526752,74.0920508430527,54.11949044572717,75.14361724207261,111.40585199197574,95.76516524688641,14.037071570561977,production,1.0
643.0,49.971343539211674,22.23462176677735,74.8969487439458,51.09771308442915,73.18563810503973,109.29319652245171,94.75686649925342,13.696639930514241,production,1.0
644.0,49.96961296847789,21.982767369173754,74.92278744503618,47.012132172723625,72.20407726550467,110.8935306878258,95.73329694840984,14.009681761149134,production,1.0
645.0,49.885228790223344,21.487036982987433,75.06056791090722,43.8759645466545,68.82068893228534,110.70399954456411,93.93006353789013,14.04125453009614,production,1.0
646.0,50.00527497388303,21.981657088378135,75.74788500196355,43.57469248709048,69.56619855408523,111.47912695381306,94.280861553994,14.16830535705838,production,1.0
647.0,49.93680823207023,21.6270215944018,74.94844295006033,46.43626229718102,69.82440059710916,112.23357872201676,95.3208918438396,13.970855130503116,production,1.0
648.0,49.994636543966585,21.9905297293362,74.9104888494627,50.52235070320172,71.26307962248485,111.853992655102,94.33109234228642,13.862569438568526,production,1.0
649.0,50.072498439024244,21.722142347214568,75.13765642167101,53.187819359903074,75.20499006542549,113.61681514006595,94.31340381779884,14.665316588298674,production,1.0
650.0,49.97394998384463,22.289304916683765,73.61593293621145,55.36979350448941,74.3051320672505,111.87553872798499,94.92134239070845,14.396066374776362,production,1.0
651.0,49.97289954207763,21.6020279733168,74.54971448910418,54.08776221432163,75.45118181888772,110.62716901095321,94.30964989826222,14.114763365661732,production,1.0
652.0,50.06819546922509,21.741108346073556,73.64514393850128,51.32141148636496,72.91894487626143,113.06126681703903,94.3127259065743,13.693254915879487,production,1.0
653.0,50.027315288273215,21.60965990695977,75.50480170925951,47.12364007925281,71.28259710764983,110.73946714556712,95.05556620011563,14.14634283612002,production,1.0
654.0,50.04882635486763,21.573512922268552,74.26848300189089,43.41299947571696,69.09241650421124,111.46681375712122,94.5312119202065,13.729620618456611,production,1.0
655.0,49.98223543830065,21.784638764255426,75.63403277512914,43.67450703099907,68.51740379320508,111.3572541382814,94.74688311687774,14.278642677062988,production,1.0
656.0,50.03740416064355,21.97969923267894,75.21297844884138,44.539522736895535,69.17146916064773,108.40025154725458,95.25537545534877,13.911839930229247,production,1.0
657.0,49.96569157054216,22.11978924301508,74.25065942478642,49.336979982467305,71.69921142687353,111.49618624056362,95.30939964787514,13.961498452673322,production,1.0
658.0,49.9661999137189,21.9174078478886,73.59210964393638,52.885984375865604,74.02833494028194,111.52326702434463,95.1202174974699,14.518264558063487,production,1.0
659.0,50.029812213910255,21.716459686164843,73.91955890938229,55.589027939744156,75.68891494552055,110.93629255329601,95.6929159192615,14.38802226823082,production,1.0
660.0,49.97008134143636,21.27636654478333,75.22323272195355,54.9508533878014,74.02492912858132,111.03045562968897,94.51830173014382,14.143609409333438,production,1.0
661.0,50.0383559271622,22.278366544273144,74.41327958907988,51.50501593457345,72.81023707759357,109.67083811160823,94.24358056589222,13.929153867675868,production,1.0
662.0,50.119584226771465,21.699990351925106,73.72338124615092,47.316263625341854,70.7446409239862,111.32326057821146,95.61875842614062,13.64149207306737,production,1.0
663.0,49.91569237315264,22.064861285850572,74.48344596539705,43.65509060156658,69.45534655619349,113.04005656726686,94.90368815013396,14.288595541963618,production,1.0
664.0,49.962389781193934,21.480062702761618,75.64004634892048,42.9166977806774,68.33535277459485,111.03612201792939,94.58634332312971,13.986032626075854,production,1.0
665.0,50.05600730909213,22.51333902427216,75.59614322746017,45.65961371827352,69.1067857580908,110.63465131704126,93.65757611056047,13.986547595722659,production,1.0
666.0,49.99274609152534,22.185824056585865,74.35295590883632,48.976648791964024,71.57311975843771,110.5443405266446,95.25871186494055,13.38732726235404,production,1.0
667.0,50.05805449248963,21.555299338604087,74.82791086972514,53.45229683022527,74.07966887936531,113.70658898884909,95.15729402825902,13.671058887805682,production,1.0
668.0,49.94949678634335,22.051551832904185,75.01695052658712,55.316729147168346,76.16465159820493,109.672313978485,94.37591680837772,13.401390361934485,production,1.0
669.0,50.0165672088904,22.450992098286708,73.76809203046908,55.80136653483488,75.52962670068924,112.32512196591095,94.94073457047551,14.020187120107487,production,1.0
670.0,49.992472184108856,21.844827992262946,74.34215189939007,51.098020930925614,72.72881284481242,111.45750494739089,95.21069362663371,13.964380430309056,production,1.0
671.0,50.00701853614367,21.23654080465034,74.42499737877269,47.909919570413116,70.36114927986884,113.64156651989839,94.08422597579734,13.450972989278903,production,1.0
672.0,50.016555800952766,22.10137798995958,74.91704199755011,44.15674009288738,68.46842771784961,112.92273987613957,95.13287584100668,13.982305131077656,production,1.0
673.0,49.9389996818672,22.659213908152516,74.37481995065869,42.916457714167606,69.53715586142569,111.25601985856518,94.87265898564792,13.731392047054916,production,1.0
674.0,49.94629312573203,21.282961923384153,73.8489828992957,45.099634529154926,70.54645940060142,109.52506782932575,94.31286411795476,13.268055112911535,production,1.0
675.0,50.06996220034477,22.333393957804887,74.88837734198644,49.539015225871836,73.35639594495443,113.10327432014215,94.57072584048552,14.155424131307871,production,1.0
676.0,50.014660685579045,21.83193646020786,74.3151103098685,53.31128507104006,73.88581929037076,113.15028185170777,94.5697654854464,14.57244628624856,production,1.0
677.0,50.005317316647634,21.890232763546784,73.97006130454584,55.37625482887721,74.99683871233981,110.08771564381898,94.43339937718395,13.804868379930204,production,1.0
678.0,49.997796263869326,22.00502036194786,73.97806756060204,54.59946516180499,74.42454155666253,112.32089147737368,94.60978794760359,14.186983134046363,production,1.0
679.0,50.01782712493531,21.934886205999373,74.58604709823422,50.292774385683664,73.72880446488577,110.47874833135359,93.8449578621571,13.9899349217839,production,1.0
680.0,49.94220316302973,22.27671109429257,75.59701809977138,47.48981191773166,71.38322489060036,110.5213394030414,94.70480078292391,13.87735321655137,production,1.0
681.0,49.95004863340523,21.4674119772505,74.62822692506181,44.17438078850361,68.69068952105579,109.53473292190272,95.70407754085535,14.639623009286296,production,1.0
682.0,50.06522541236032,21.90047044820071,75.3834205268673,42.96327264339626,69.20689849748281,112.59857722586771,94.97714623082648,13.64620896071025,production,1.0
683.0,50.00756376109236,21.5623049052747,73.39847734250252,45.27780401898078,69.45385786127761,111.81766666107103,94.46140475480136,14.198843593660715,production,1.0
684.0,50.0425150436827,21.733911763050447,74.24958976923293,49.273745191708976,72.07662846405434,112.09897248585007,95.05300913247993,13.61044216861627,production,1.0
685.0,49.96971679965394,23.12888855715224,74.00464145802735,53.88487919522322,73.20524716967851,113.26184064486527,95.14798824324224,13.669209212147644,production,1.0
686.0,50.068836269017964,21.60314432354851,74.60136952444196,55.33363250255764,75.10564526938005,112.3345548363558,95.07331750260182,14.214752290563013,production,1.0
687.0,50.017263920265975,22.122738941203252,75.23490460932909,55.208521991696635,75.33837667041907,112.2470507566771,95.37383217616953,13.70150278737795,production,1.0
688.0,50.024062290962505,22.067401506624382,74.4516100249283,51.242005925804094,73.83026905461936,112.4581088855728,94.33628962664879,13.994907114369422,production,1.0
689.0,50.02743646688579,21.17857185001697,74.0395142947258,47.618189445239885,70.05994124802783,110.29493238522835,95.34777803379141,13.837182203620742,production,1.0
690.0,49.960149538031395,21.48934926396724,75.36158841396012,44.236351950324824,69.38702527944415,111.54453136629714,94.25446718631842,14.065285994051907,production,1.0
691.0,49.90671395683,21.223439626301182,74.34241649236041,43.12834971745158,68.05964097860497,110.1518781279374,94.93197106410506,13.782414782549322,production,1.0
692.0,49.94625986664575,21.890464563907408,74.96999734722591,45.83985440526411,70.58000659507925,110.53302923431073,94.05700690839987,14.144370733889536,production,1.0
693.0,50.081526142869315,21.427450057568084,74.41424535010397,49.82548017687923,72.19591018988783,111.51630761603774,94.98717708982596,13.721984711391979,production,1.0
694.0,50.065034198516024,21.596108672213635,75.13031506966733,53.78155007001174,73.33889255214775,112.91434345485943,94.00386696234536,13.989674637097236,production,1.0
695.0,49.9826539316011,21.342660432087197,74.5967200164289,55.663210356534115,74.61869813757147,114.1235534343778,94.96451232005765,13.893017521284198,production,1.0
696.0,49.984916183648195,22.227695483047103,75.3107653416378,54.97421972628156,74.77014168803758,110.36510949922055,96.3045519683593,13.660090857814687,production,1.0
697.0,50.05183029386179,22.198872339964744,75.21310830502757,52.13233937803547,71.99575652140639,111.88900780456267,93.99440672394968,13.588180332096556,production,1.0
698.0,49.99157950636232,22.55638080171416,76.18011447480356,47.23376619702362,70.97617772725316,111.60961308395015,94.93914836514955,13.812470073124443,production,1.0
699.0,49.93503700649346,21.893203200531207,74.80610694072749,44.40876880118324,69.65316821795663,112.34110590612003,94.99277755543709,13.286986534252906,production,1.0
700.0,50.06327715462981,22.260505757072185,74.27588265865337,42.896173765943104,68.69168700535454,112.42105477450367,94.87309447893585,14.693068537346862,production,1.0
701.0,50.0238589288957,22.418830588335627,74.17129156090795,45.32801140417912,69.92942709812552,112.17082922777804,95.20363475806566,14.27417797633773,production,1.0
702.0,49.87418301424982,22.805529256979124,74.5164621789143,49.775154745168976,71.91314533155192,110.58909300499866,94.20771341991605,14.128194834472959,production,1.0
703.0,49.984340494723504,21.470617463393946,75.10694105697648,52.91457368677403,74.29877119927649,112.23711544973602,95.71526294833771,14.513063872898696,production,1.0
704.0,50.00718351016422,21.648028713315824,74.46036651005362,55.7030590675608,74.29000018557508,112.84811509415722,95.16841372329765,13.335194747980633,production,1.0
705.0,50.02406234135294,21.58151203277875,75.80695956945125,54.5533506946593,74.17849551163212,111.17508909351211,95.26718786710505,14.210221346951874,production,1.0
706.0,50.00760755946558,21.420974807043496,75.02269542460832,52.700730323217165,73.72449222914896,114.1788069588604,94.88955405355776,13.526908019430458,production,1.0
707.0,49.96821291013782,22.26313591711611,74.32322605590045,47.44813028679799,69.36099917654086,111.53697903963507,95.34749472994642,14.099626873722286,production,1.0
708.0,49.9942120477985,22.270347658147816,74.63860527930223,43.2261037501821,69.89739348503075,111.07212222141825,94.25605363338548,13.981137594533836,production,1.0
709.0,50.01474001589718,21.42170530873853,74.54029512699918,43.41016738372798,69.86828203064694,112.20230164205717,95.39985117159189,13.51149753568474,production,1.0
710.0,49.9865997957193,21.54827902554727,75.03723576037412,45.787161884233996,71.16492256649552,111.55144343063623,94.64574216462073,14.199079579457072,production,1.0
711.0,49.981404964014686,22.10978784557367,74.322008552888,49.538803873414416,70.40754132980148,110.23385806990886,95.13178846065041,14.339322132762677,production,1.0
712.0,50.06260419693324,21.78936682559349,75.71337340867363,53.567456075626815,73.63857724460723,111.85700149818184,95.31873365537726,14.08145529911616,production,1.0
713.0,49.95266961573654,22.079395288913467,74.73737555931159,56.31662181431539,74.74764887746409,113.81716526582233,95.32392374104352,14.053400308494767,production,1.0
714.0,49.982526826444506,21.921902401464468,74.81576342600022,55.17038228972769,75.70076657227095,114.31930125093909,95.40682572172459,14.049214524005443,production,1.0
715.0,49.898436549347544,22.415282698231803,75.51899446241849,50.49271985274492,73.35145055831104,111.2497592276266,95.1928939757759,13.599334628987513,production,1.0
716.0,50.02704849817257,22.44370364321329,74.52299721361705,47.28266564161681,71.69162435352506,113.03049032964618,94.3137977053974,13.983201877131561,production,1.0
717.0,50.04141322299235,21.262824896561163,74.97823572284729,44.42710453769246,69.85469725006546,112.1171522285311,95.52333089517711,14.212536491325674,production,1.0
718.0,50.02742434162983,22.539023516202615,76.06136635326139,43.29596053554989,68.16247673165769,112.31274010528311,95.15107814754046,14.090505034817202,production,1.0
719.0,50.04588362437306,21.80552986266452,75.23970469916799,46.04329535784291,70.47435611596337,113.50688299905909,95.14054080238476,14.468168941596893,production,1.0
